t_s,agent_id,model,phase,frequency_hz,is_firing
0.0,0,kuramoto,2.918303,1.5,0
0.01,0,kuramoto,3.006413,1.5,0
0.02,0,kuramoto,3.09416,1.5,0
0.03,0,kuramoto,3.181518,1.5,0
0.04,0,kuramoto,3.268456,1.5,0
0.05,0,kuramoto,3.354949,1.5,0
0.06,0,kuramoto,3.440971,1.5,0
0.07,0,kuramoto,3.5265,1.5,0
0.08,0,kuramoto,3.611517,1.5,0
0.09,0,kuramoto,3.696009,1.5,0
0.1,0,kuramoto,3.77997,1.5,0
0.11,0,kuramoto,3.8634,1.5,0
0.12,0,kuramoto,3.94631,1.5,0
0.13,0,kuramoto,4.028724,1.5,0
0.14,0,kuramoto,4.110674,1.5,0
0.15,0,kuramoto,4.19221,1.5,0
0.16,0,kuramoto,4.273393,1.5,0
0.17,0,kuramoto,4.354301,1.5,0
0.18,0,kuramoto,4.435027,1.5,0
0.19,0,kuramoto,4.515676,1.5,0
0.2,0,kuramoto,4.596366,1.5,0
0.21,0,kuramoto,4.677229,1.5,0
0.22,0,kuramoto,4.758399,1.5,0
0.23,0,kuramoto,4.840019,1.5,0
0.24,0,kuramoto,4.922229,1.5,0
0.25,0,kuramoto,5.005169,1.5,0
0.26,0,kuramoto,5.088968,1.5,0
0.27,0,kuramoto,5.173748,1.5,0
0.28,0,kuramoto,5.259614,1.5,0
0.29,0,kuramoto,5.346657,1.5,0
0.3,0,kuramoto,5.43495,1.5,0
0.31,0,kuramoto,5.524549,1.5,0
0.32,0,kuramoto,5.61549,1.5,0
0.33,0,kuramoto,5.707795,1.5,0
0.34,0,kuramoto,5.801468,1.5,0
0.35,0,kuramoto,5.8965,1.5,0
0.36,0,kuramoto,5.99287,1.5,0
0.37,0,kuramoto,6.090548,1.5,0
0.38,0,kuramoto,6.189494,1.5,0
0.39,0,kuramoto,0.006478,1.5,1
0.4,0,kuramoto,0.107822,1.5,0
0.41,0,kuramoto,0.210287,1.5,0
0.42,0,kuramoto,0.313821,1.5,0
0.43,0,kuramoto,0.418368,1.5,0
0.44,0,kuramoto,0.523875,1.5,0
0.45,0,kuramoto,0.630288,1.5,0
0.46,0,kuramoto,0.737556,1.5,0
0.47,0,kuramoto,0.845629,1.5,0
0.48,0,kuramoto,0.954459,1.5,0
0.49,0,kuramoto,1.064001,1.5,0
0.5,0,kuramoto,1.174212,1.5,0
0.51,0,kuramoto,1.285051,1.5,0
0.52,0,kuramoto,1.396481,1.5,0
0.53,0,kuramoto,1.508465,1.5,0
0.54,0,kuramoto,1.62097,1.5,0
0.55,0,kuramoto,1.733964,1.5,0
0.56,0,kuramoto,1.847419,1.5,0
0.57,0,kuramoto,1.961307,1.5,0
0.58,0,kuramoto,2.075603,1.5,0
0.59,0,kuramoto,2.190282,1.5,0
0.6,0,kuramoto,2.305323,1.5,0
0.61,0,kuramoto,2.420705,1.5,0
0.62,0,kuramoto,2.536409,1.5,0
0.63,0,kuramoto,2.652417,1.5,0
0.64,0,kuramoto,2.768713,1.5,0
0.65,0,kuramoto,2.88528,1.5,0
0.66,0,kuramoto,3.002105,1.5,0
0.67,0,kuramoto,3.119174,1.5,0
0.68,0,kuramoto,3.236474,1.5,0
0.69,0,kuramoto,3.353993,1.5,0
0.7,0,kuramoto,3.471721,1.5,0
0.71,0,kuramoto,3.589647,1.5,0
0.72,0,kuramoto,3.707761,1.5,0
0.73,0,kuramoto,3.826055,1.5,0
0.74,0,kuramoto,3.944519,1.5,0
0.75,0,kuramoto,4.063146,1.5,0
0.76,0,kuramoto,4.181928,1.5,0
0.77,0,kuramoto,4.300859,1.5,0
0.78,0,kuramoto,4.419931,1.5,0
0.79,0,kuramoto,4.539138,1.5,0
0.8,0,kuramoto,4.658475,1.5,0
0.81,0,kuramoto,4.777935,1.5,0
0.82,0,kuramoto,4.897515,1.5,0
0.83,0,kuramoto,5.017207,1.5,0
0.84,0,kuramoto,5.137009,1.5,0
0.85,0,kuramoto,5.256915,1.5,0
0.86,0,kuramoto,5.376921,1.5,0
0.87,0,kuramoto,5.497024,1.5,0
0.88,0,kuramoto,5.617219,1.5,0
0.89,0,kuramoto,5.737503,1.5,0
0.9,0,kuramoto,5.857872,1.5,0
0.91,0,kuramoto,5.978323,1.5,0
0.92,0,kuramoto,6.098854,1.5,0
0.93,0,kuramoto,6.21946,1.5,0
0.94,0,kuramoto,0.056955,1.5,1
0.95,0,kuramoto,0.177706,1.5,0
0.96,0,kuramoto,0.298524,1.5,0
0.97,0,kuramoto,0.419409,1.5,0
0.98,0,kuramoto,0.540356,1.5,0
0.99,0,kuramoto,0.661365,1.5,0
1.0,0,kuramoto,0.782433,1.5,0
1.01,0,kuramoto,0.903557,1.5,0
1.02,0,kuramoto,1.024737,1.5,0
1.03,0,kuramoto,1.14597,1.5,0
1.04,0,kuramoto,1.267254,1.5,0
1.05,0,kuramoto,1.388588,1.5,0
1.06,0,kuramoto,1.509969,1.5,0
1.07,0,kuramoto,1.631397,1.5,0
1.08,0,kuramoto,1.75287,1.5,0
1.09,0,kuramoto,1.874387,1.5,0
1.1,0,kuramoto,1.995945,1.5,0
1.11,0,kuramoto,2.117544,1.5,0
1.12,0,kuramoto,2.239182,1.5,0
1.13,0,kuramoto,2.360859,1.5,0
1.14,0,kuramoto,2.482572,1.5,0
1.15,0,kuramoto,2.604321,1.5,0
1.16,0,kuramoto,2.726105,1.5,0
1.17,0,kuramoto,2.847922,1.5,0
1.18,0,kuramoto,2.969772,1.5,0
1.19,0,kuramoto,3.091653,1.5,0
1.2,0,kuramoto,3.213565,1.5,0
1.21,0,kuramoto,3.335507,1.5,0
1.22,0,kuramoto,3.457477,1.5,0
1.23,0,kuramoto,3.579475,1.5,0
1.24,0,kuramoto,3.7015,1.5,0
1.25,0,kuramoto,3.823552,1.5,0
1.26,0,kuramoto,3.945629,1.5,0
1.27,0,kuramoto,4.06773,1.5,0
1.28,0,kuramoto,4.189856,1.5,0
1.29,0,kuramoto,4.312004,1.5,0
1.3,0,kuramoto,4.434176,1.5,0
1.31,0,kuramoto,4.556369,1.5,0
1.32,0,kuramoto,4.678583,1.5,0
1.33,0,kuramoto,4.800818,1.5,0
1.34,0,kuramoto,4.923074,1.5,0
1.35,0,kuramoto,5.045348,1.5,0
1.36,0,kuramoto,5.167642,1.5,0
1.37,0,kuramoto,5.289954,1.5,0
1.38,0,kuramoto,5.412283,1.5,0
1.39,0,kuramoto,5.53463,1.5,0
1.4,0,kuramoto,5.656994,1.5,0
1.41,0,kuramoto,5.779374,1.5,0
1.42,0,kuramoto,5.90177,1.5,0
1.43,0,kuramoto,6.024182,1.5,0
1.44,0,kuramoto,6.146608,1.5,0
1.45,0,kuramoto,6.26905,1.5,0
1.46,0,kuramoto,0.108319,1.5,1
1.47,0,kuramoto,0.230788,1.5,0
1.48,0,kuramoto,0.353271,1.5,0
1.49,0,kuramoto,0.475766,1.5,0
1.5,0,kuramoto,0.598274,1.5,0
1.51,0,kuramoto,0.720794,1.5,0
1.52,0,kuramoto,0.843326,1.5,0
1.53,0,kuramoto,0.96587,1.5,0
1.54,0,kuramoto,1.088425,1.5,0
1.55,0,kuramoto,1.210991,1.5,0
1.56,0,kuramoto,1.333568,1.5,0
1.57,0,kuramoto,1.456155,1.5,0
1.58,0,kuramoto,1.578752,1.5,0
1.59,0,kuramoto,1.701359,1.5,0
1.6,0,kuramoto,1.823975,1.5,0
1.61,0,kuramoto,1.946601,1.5,0
1.62,0,kuramoto,2.069236,1.5,0
1.63,0,kuramoto,2.191879,1.5,0
1.64,0,kuramoto,2.314531,1.5,0
1.65,0,kuramoto,2.437191,1.5,0
1.66,0,kuramoto,2.55986,1.5,0
1.67,0,kuramoto,2.682536,1.5,0
1.68,0,kuramoto,2.805219,1.5,0
1.69,0,kuramoto,2.927911,1.5,0
1.7,0,kuramoto,3.050609,1.5,0
1.71,0,kuramoto,3.173314,1.5,0
1.72,0,kuramoto,3.296026,1.5,0
1.73,0,kuramoto,3.418745,1.5,0
1.74,0,kuramoto,3.54147,1.5,0
1.75,0,kuramoto,3.664202,1.5,0
1.76,0,kuramoto,3.786939,1.5,0
1.77,0,kuramoto,3.909683,1.5,0
1.78,0,kuramoto,4.032432,1.5,0
1.79,0,kuramoto,4.155187,1.5,0
1.8,0,kuramoto,4.277947,1.5,0
1.81,0,kuramoto,4.400713,1.5,0
1.82,0,kuramoto,4.523484,1.5,0
1.83,0,kuramoto,4.646259,1.5,0
1.84,0,kuramoto,4.76904,1.5,0
1.85,0,kuramoto,4.891826,1.5,0
1.86,0,kuramoto,5.014616,1.5,0
1.87,0,kuramoto,5.13741,1.5,0
1.88,0,kuramoto,5.260209,1.5,0
1.89,0,kuramoto,5.383012,1.5,0
1.9,0,kuramoto,5.50582,1.5,0
1.91,0,kuramoto,5.628631,1.5,0
1.92,0,kuramoto,5.751446,1.5,0
1.93,0,kuramoto,5.874265,1.5,0
1.94,0,kuramoto,5.997088,1.5,0
1.95,0,kuramoto,6.119915,1.5,0
1.96,0,kuramoto,6.242745,1.5,0
1.97,0,kuramoto,0.082393,1.5,1
1.98,0,kuramoto,0.205229,1.5,0
1.99,0,kuramoto,0.328069,1.5,0
2.0,0,kuramoto,0.450912,1.5,0
2.01,0,kuramoto,0.573758,1.5,0
2.02,0,kuramoto,0.696607,1.5,0
2.03,0,kuramoto,0.819459,1.5,0
2.04,0,kuramoto,0.942314,1.5,0
2.05,0,kuramoto,1.065171,1.5,0
2.06,0,kuramoto,1.188032,1.5,0
2.07,0,kuramoto,1.310894,1.5,0
2.08,0,kuramoto,1.43376,1.5,0
2.09,0,kuramoto,1.556627,1.5,0
2.1,0,kuramoto,1.679497,1.5,0
2.11,0,kuramoto,1.80237,1.5,0
2.12,0,kuramoto,1.925245,1.5,0
2.13,0,kuramoto,2.048121,1.5,0
2.14,0,kuramoto,2.171,1.5,0
2.15,0,kuramoto,2.293882,1.5,0
2.16,0,kuramoto,2.416765,1.5,0
2.17,0,kuramoto,2.53965,1.5,0
2.18,0,kuramoto,2.662537,1.5,0
2.19,0,kuramoto,2.785426,1.5,0
2.2,0,kuramoto,2.908316,1.5,0
2.21,0,kuramoto,3.031209,1.5,0
2.22,0,kuramoto,3.154103,1.5,0
2.23,0,kuramoto,3.276999,1.5,0
2.24,0,kuramoto,3.399896,1.5,0
2.25,0,kuramoto,3.522795,1.5,0
2.26,0,kuramoto,3.645696,1.5,0
2.27,0,kuramoto,3.768598,1.5,0
2.28,0,kuramoto,3.891502,1.5,0
2.29,0,kuramoto,4.014407,1.5,0
2.3,0,kuramoto,4.137313,1.5,0
2.31,0,kuramoto,4.260221,1.5,0
2.32,0,kuramoto,4.38313,1.5,0
2.33,0,kuramoto,4.50604,1.5,0
2.34,0,kuramoto,4.628951,1.5,0
2.35,0,kuramoto,4.751864,1.5,0
2.36,0,kuramoto,4.874778,1.5,0
2.37,0,kuramoto,4.997693,1.5,0
2.38,0,kuramoto,5.120609,1.5,0
2.39,0,kuramoto,5.243526,1.5,0
2.4,0,kuramoto,5.366444,1.5,0
2.41,0,kuramoto,5.489363,1.5,0
2.42,0,kuramoto,5.612284,1.5,0
2.43,0,kuramoto,5.735205,1.5,0
2.44,0,kuramoto,5.858127,1.5,0
2.45,0,kuramoto,5.98105,1.5,0
2.46,0,kuramoto,6.103974,1.5,0
2.47,0,kuramoto,6.226899,1.5,0
2.48,0,kuramoto,0.066639,1.5,1
2.49,0,kuramoto,0.189565,1.5,0
2.5,0,kuramoto,0.312493,1.5,0
2.51,0,kuramoto,0.435421,1.5,0
2.52,0,kuramoto,0.558349,1.5,0
2.53,0,kuramoto,0.681279,1.5,0
2.54,0,kuramoto,0.804209,1.5,0
2.55,0,kuramoto,0.92714,1.5,0
2.56,0,kuramoto,1.050072,1.5,0
2.57,0,kuramoto,1.173004,1.5,0
2.58,0,kuramoto,1.295937,1.5,0
2.59,0,kuramoto,1.41887,1.5,0
2.6,0,kuramoto,1.541804,1.5,0
2.61,0,kuramoto,1.664739,1.5,0
2.62,0,kuramoto,1.787674,1.5,0
2.63,0,kuramoto,1.91061,1.5,0
2.64,0,kuramoto,2.033546,1.5,0
2.65,0,kuramoto,2.156483,1.5,0
2.66,0,kuramoto,2.27942,1.5,0
2.67,0,kuramoto,2.402358,1.5,0
2.68,0,kuramoto,2.525297,1.5,0
2.69,0,kuramoto,2.648235,1.5,0
2.7,0,kuramoto,2.771175,1.5,0
2.71,0,kuramoto,2.894114,1.5,0
2.72,0,kuramoto,3.017055,1.5,0
2.73,0,kuramoto,3.139995,1.5,0
2.74,0,kuramoto,3.262936,1.5,0
2.75,0,kuramoto,3.385878,1.5,0
2.76,0,kuramoto,3.508819,1.5,0
2.77,0,kuramoto,3.631762,1.5,0
2.78,0,kuramoto,3.754704,1.5,0
2.79,0,kuramoto,3.877647,1.5,0
2.8,0,kuramoto,4.00059,1.5,0
2.81,0,kuramoto,4.123534,1.5,0
2.82,0,kuramoto,4.246478,1.5,0
2.83,0,kuramoto,4.369422,1.5,0
2.84,0,kuramoto,4.492366,1.5,0
2.85,0,kuramoto,4.615311,1.5,0
2.86,0,kuramoto,4.738256,1.5,0
2.87,0,kuramoto,4.861202,1.5,0
2.88,0,kuramoto,4.984148,1.5,0
2.89,0,kuramoto,5.107094,1.5,0
2.9,0,kuramoto,5.23004,1.5,0
2.91,0,kuramoto,5.352986,1.5,0
2.92,0,kuramoto,5.475933,1.5,0
2.93,0,kuramoto,5.59888,1.5,0
2.94,0,kuramoto,5.721827,1.5,0
2.95,0,kuramoto,5.844775,1.5,0
2.96,0,kuramoto,5.967722,1.5,0
2.97,0,kuramoto,6.09067,1.5,0
2.98,0,kuramoto,6.213618,1.5,0
2.99,0,kuramoto,0.053381,1.5,1
3.0,0,kuramoto,0.17633,1.5,0
3.01,0,kuramoto,0.299279,1.5,0
3.02,0,kuramoto,0.422227,1.5,0
3.03,0,kuramoto,0.545176,1.5,0
3.04,0,kuramoto,0.668126,1.5,0
3.05,0,kuramoto,0.791075,1.5,0
3.06,0,kuramoto,0.914025,1.5,0
3.07,0,kuramoto,1.036975,1.5,0
3.08,0,kuramoto,1.159924,1.5,0
3.09,0,kuramoto,1.282875,1.5,0
3.1,0,kuramoto,1.405825,1.5,0
3.11,0,kuramoto,1.528775,1.5,0
3.12,0,kuramoto,1.651726,1.5,0
3.13,0,kuramoto,1.774676,1.5,0
3.14,0,kuramoto,1.897627,1.5,0
3.15,0,kuramoto,2.020578,1.5,0
3.16,0,kuramoto,2.143529,1.5,0
3.17,0,kuramoto,2.26648,1.5,0
3.18,0,kuramoto,2.389432,1.5,0
3.19,0,kuramoto,2.512383,1.5,0
3.2,0,kuramoto,2.635335,1.5,0
3.21,0,kuramoto,2.758286,1.5,0
3.22,0,kuramoto,2.881238,1.5,0
3.23,0,kuramoto,3.00419,1.5,0
3.24,0,kuramoto,3.127142,1.5,0
3.25,0,kuramoto,3.250094,1.5,0
3.26,0,kuramoto,3.373046,1.5,0
3.27,0,kuramoto,3.495999,1.5,0
3.28,0,kuramoto,3.618951,1.5,0
3.29,0,kuramoto,3.741903,1.5,0
3.3,0,kuramoto,3.864856,1.5,0
3.31,0,kuramoto,3.987809,1.5,0
3.32,0,kuramoto,4.110761,1.5,0
3.33,0,kuramoto,4.233714,1.5,0
3.34,0,kuramoto,4.356667,1.5,0
3.35,0,kuramoto,4.47962,1.5,0
3.36,0,kuramoto,4.602573,1.5,0
3.37,0,kuramoto,4.725526,1.5,0
3.38,0,kuramoto,4.848479,1.5,0
3.39,0,kuramoto,4.971432,1.5,0
3.4,0,kuramoto,5.094386,1.5,0
3.41,0,kuramoto,5.217339,1.5,0
3.42,0,kuramoto,5.340292,1.5,0
3.43,0,kuramoto,5.463246,1.5,0
3.44,0,kuramoto,5.586199,1.5,0
3.45,0,kuramoto,5.709153,1.5,0
3.46,0,kuramoto,5.832107,1.5,0
3.47,0,kuramoto,5.95506,1.5,0
3.48,0,kuramoto,6.078014,1.5,0
3.49,0,kuramoto,6.200968,1.5,0
3.5,0,kuramoto,0.040737,1.5,1
3.51,0,kuramoto,0.163691,1.5,0
3.52,0,kuramoto,0.286644,1.5,0
3.53,0,kuramoto,0.409599,1.5,0
3.54,0,kuramoto,0.532553,1.5,0
3.55,0,kuramoto,0.655507,1.5,0
3.56,0,kuramoto,0.778461,1.5,0
3.57,0,kuramoto,0.901415,1.5,0
3.58,0,kuramoto,1.024369,1.5,0
3.59,0,kuramoto,1.147323,1.5,0
3.6,0,kuramoto,1.270278,1.5,0
3.61,0,kuramoto,1.393232,1.5,0
3.62,0,kuramoto,1.516187,1.5,0
3.63,0,kuramoto,1.639141,1.5,0
3.64,0,kuramoto,1.762095,1.5,0
3.65,0,kuramoto,1.88505,1.5,0
3.66,0,kuramoto,2.008004,1.5,0
3.67,0,kuramoto,2.130959,1.5,0
3.68,0,kuramoto,2.253914,1.5,0
3.69,0,kuramoto,2.376868,1.5,0
3.7,0,kuramoto,2.499823,1.5,0
3.71,0,kuramoto,2.622777,1.5,0
3.72,0,kuramoto,2.745732,1.5,0
3.73,0,kuramoto,2.868687,1.5,0
3.74,0,kuramoto,2.991642,1.5,0
3.75,0,kuramoto,3.114596,1.5,0
3.76,0,kuramoto,3.237551,1.5,0
3.77,0,kuramoto,3.360506,1.5,0
3.78,0,kuramoto,3.483461,1.5,0
3.79,0,kuramoto,3.606416,1.5,0
3.8,0,kuramoto,3.729371,1.5,0
3.81,0,kuramoto,3.852325,1.5,0
3.82,0,kuramoto,3.97528,1.5,0
3.83,0,kuramoto,4.098235,1.5,0
3.84,0,kuramoto,4.22119,1.5,0
3.85,0,kuramoto,4.344145,1.5,0
3.86,0,kuramoto,4.4671,1.5,0
3.87,0,kuramoto,4.590055,1.5,0
3.88,0,kuramoto,4.71301,1.5,0
3.89,0,kuramoto,4.835965,1.5,0
3.9,0,kuramoto,4.95892,1.5,0
3.91,0,kuramoto,5.081876,1.5,0
3.92,0,kuramoto,5.204831,1.5,0
3.93,0,kuramoto,5.327786,1.5,0
3.94,0,kuramoto,5.450741,1.5,0
3.95,0,kuramoto,5.573696,1.5,0
3.96,0,kuramoto,5.696651,1.5,0
3.97,0,kuramoto,5.819606,1.5,0
3.98,0,kuramoto,5.942562,1.5,0
3.99,0,kuramoto,6.065517,1.5,0
4.0,0,kuramoto,6.188472,1.5,0
4.01,0,kuramoto,0.028242,1.5,1
4.02,0,kuramoto,0.151197,1.5,0
4.03,0,kuramoto,0.274152,1.5,0
4.04,0,kuramoto,0.397108,1.5,0
4.05,0,kuramoto,0.520063,1.5,0
4.06,0,kuramoto,0.643018,1.5,0
4.07,0,kuramoto,0.765974,1.5,0
4.08,0,kuramoto,0.888929,1.5,0
4.09,0,kuramoto,1.011884,1.5,0
4.1,0,kuramoto,1.13484,1.5,0
4.11,0,kuramoto,1.257795,1.5,0
4.12,0,kuramoto,1.38075,1.5,0
4.13,0,kuramoto,1.503706,1.5,0
4.14,0,kuramoto,1.626661,1.5,0
4.15,0,kuramoto,1.749616,1.5,0
4.16,0,kuramoto,1.872572,1.5,0
4.17,0,kuramoto,1.995527,1.5,0
4.18,0,kuramoto,2.118482,1.5,0
4.19,0,kuramoto,2.241438,1.5,0
4.2,0,kuramoto,2.364393,1.5,0
4.21,0,kuramoto,2.487349,1.5,0
4.22,0,kuramoto,2.610304,1.5,0
4.23,0,kuramoto,2.73326,1.5,0
4.24,0,kuramoto,2.856215,1.5,0
4.25,0,kuramoto,2.97917,1.5,0
4.26,0,kuramoto,3.102126,1.5,0
4.27,0,kuramoto,3.225081,1.5,0
4.28,0,kuramoto,3.348037,1.5,0
4.29,0,kuramoto,3.470992,1.5,0
4.3,0,kuramoto,3.593948,1.5,0
4.31,0,kuramoto,3.716903,1.5,0
4.32,0,kuramoto,3.839859,1.5,0
4.33,0,kuramoto,3.962814,1.5,0
4.34,0,kuramoto,4.08577,1.5,0
4.35,0,kuramoto,4.208725,1.5,0
4.36,0,kuramoto,4.331681,1.5,0
4.37,0,kuramoto,4.454636,1.5,0
4.38,0,kuramoto,4.577592,1.5,0
4.39,0,kuramoto,4.700547,1.5,0
4.4,0,kuramoto,4.823503,1.5,0
4.41,0,kuramoto,4.946458,1.5,0
4.42,0,kuramoto,5.069414,1.5,0
4.43,0,kuramoto,5.192369,1.5,0
4.44,0,kuramoto,5.315325,1.5,0
4.45,0,kuramoto,5.43828,1.5,0
4.46,0,kuramoto,5.561236,1.5,0
4.47,0,kuramoto,5.684191,1.5,0
4.48,0,kuramoto,5.807147,1.5,0
4.49,0,kuramoto,5.930103,1.5,0
4.5,0,kuramoto,6.053058,1.5,0
4.51,0,kuramoto,6.176014,1.5,0
4.52,0,kuramoto,0.015784,1.5,1
4.53,0,kuramoto,0.13874,1.5,0
4.54,0,kuramoto,0.261695,1.5,0
4.55,0,kuramoto,0.384651,1.5,0
4.56,0,kuramoto,0.507606,1.5,0
4.57,0,kuramoto,0.630562,1.5,0
4.58,0,kuramoto,0.753517,1.5,0
4.59,0,kuramoto,0.876473,1.5,0
4.6,0,kuramoto,0.999429,1.5,0
4.61,0,kuramoto,1.122384,1.5,0
4.62,0,kuramoto,1.24534,1.5,0
4.63,0,kuramoto,1.368295,1.5,0
4.64,0,kuramoto,1.491251,1.5,0
4.65,0,kuramoto,1.614207,1.5,0
4.66,0,kuramoto,1.737162,1.5,0
4.67,0,kuramoto,1.860118,1.5,0
4.68,0,kuramoto,1.983073,1.5,0
4.69,0,kuramoto,2.106029,1.5,0
4.7,0,kuramoto,2.228985,1.5,0
4.71,0,kuramoto,2.35194,1.5,0
4.72,0,kuramoto,2.474896,1.5,0
4.73,0,kuramoto,2.597851,1.5,0
4.74,0,kuramoto,2.720807,1.5,0
4.75,0,kuramoto,2.843763,1.5,0
4.76,0,kuramoto,2.966718,1.5,0
4.77,0,kuramoto,3.089674,1.5,0
4.78,0,kuramoto,3.212629,1.5,0
4.79,0,kuramoto,3.335585,1.5,0
4.8,0,kuramoto,3.458541,1.5,0
4.81,0,kuramoto,3.581496,1.5,0
4.82,0,kuramoto,3.704452,1.5,0
4.83,0,kuramoto,3.827408,1.5,0
4.84,0,kuramoto,3.950363,1.5,0
4.85,0,kuramoto,4.073319,1.5,0
4.86,0,kuramoto,4.196274,1.5,0
4.87,0,kuramoto,4.31923,1.5,0
4.88,0,kuramoto,4.442186,1.5,0
4.89,0,kuramoto,4.565141,1.5,0
4.9,0,kuramoto,4.688097,1.5,0
4.91,0,kuramoto,4.811053,1.5,0
4.92,0,kuramoto,4.934008,1.5,0
4.93,0,kuramoto,5.056964,1.5,0
4.94,0,kuramoto,5.179919,1.5,0
4.95,0,kuramoto,5.302875,1.5,0
4.96,0,kuramoto,5.425831,1.5,0
4.97,0,kuramoto,5.548786,1.5,0
4.98,0,kuramoto,5.671742,1.5,0
4.99,0,kuramoto,5.794698,1.5,0
5.0,0,kuramoto,5.917653,1.5,0
5.01,0,kuramoto,6.040609,1.5,0
5.02,0,kuramoto,6.163565,1.5,0
5.03,0,kuramoto,0.003335,1.5,1
5.04,0,kuramoto,0.126291,1.5,0
5.05,0,kuramoto,0.249246,1.5,0
5.06,0,kuramoto,0.372202,1.5,0
5.07,0,kuramoto,0.495157,1.5,0
5.08,0,kuramoto,0.618113,1.5,0
5.09,0,kuramoto,0.741069,1.5,0
5.1,0,kuramoto,0.864024,1.5,0
5.11,0,kuramoto,0.98698,1.5,0
5.12,0,kuramoto,1.109936,1.5,0
5.13,0,kuramoto,1.232891,1.5,0
5.14,0,kuramoto,1.355847,1.5,0
5.15,0,kuramoto,1.478803,1.5,0
5.16,0,kuramoto,1.601758,1.5,0
5.17,0,kuramoto,1.724714,1.5,0
5.18,0,kuramoto,1.84767,1.5,0
5.19,0,kuramoto,1.970625,1.5,0
5.2,0,kuramoto,2.093581,1.5,0
5.21,0,kuramoto,2.216537,1.5,0
5.22,0,kuramoto,2.339492,1.5,0
5.23,0,kuramoto,2.462448,1.5,0
5.24,0,kuramoto,2.585404,1.5,0
5.25,0,kuramoto,2.708359,1.5,0
5.26,0,kuramoto,2.831315,1.5,0
5.27,0,kuramoto,2.954271,1.5,0
5.28,0,kuramoto,3.077226,1.5,0
5.29,0,kuramoto,3.200182,1.5,0
5.3,0,kuramoto,3.323137,1.5,0
5.31,0,kuramoto,3.446093,1.5,0
5.32,0,kuramoto,3.569049,1.5,0
5.33,0,kuramoto,3.692004,1.5,0
5.34,0,kuramoto,3.81496,1.5,0
5.35,0,kuramoto,3.937916,1.5,0
5.36,0,kuramoto,4.060871,1.5,0
5.37,0,kuramoto,4.183827,1.5,0
5.38,0,kuramoto,4.306783,1.5,0
5.39,0,kuramoto,4.429738,1.5,0
5.4,0,kuramoto,4.552694,1.5,0
5.41,0,kuramoto,4.67565,1.5,0
5.42,0,kuramoto,4.798605,1.5,0
5.43,0,kuramoto,4.921561,1.5,0
5.44,0,kuramoto,5.044517,1.5,0
5.45,0,kuramoto,5.167472,1.5,0
5.46,0,kuramoto,5.290428,1.5,0
5.47,0,kuramoto,5.413384,1.5,0
5.48,0,kuramoto,5.536339,1.5,0
5.49,0,kuramoto,5.659295,1.5,0
5.5,0,kuramoto,5.782251,1.5,0
5.51,0,kuramoto,5.905206,1.5,0
5.52,0,kuramoto,6.028162,1.5,0
5.53,0,kuramoto,6.151118,1.5,0
5.54,0,kuramoto,6.274073,1.5,0
5.55,0,kuramoto,0.113844,1.5,1
5.56,0,kuramoto,0.236799,1.5,0
5.57,0,kuramoto,0.359755,1.5,0
5.58,0,kuramoto,0.482711,1.5,0
5.59,0,kuramoto,0.605666,1.5,0
5.6,0,kuramoto,0.728622,1.5,0
5.61,0,kuramoto,0.851578,1.5,0
5.62,0,kuramoto,0.974533,1.5,0
5.63,0,kuramoto,1.097489,1.5,0
5.64,0,kuramoto,1.220445,1.5,0
5.65,0,kuramoto,1.3434,1.5,0
5.66,0,kuramoto,1.466356,1.5,0
5.67,0,kuramoto,1.589312,1.5,0
5.68,0,kuramoto,1.712267,1.5,0
5.69,0,kuramoto,1.835223,1.5,0
5.7,0,kuramoto,1.958179,1.5,0
5.71,0,kuramoto,2.081134,1.5,0
5.72,0,kuramoto,2.20409,1.5,0
5.73,0,kuramoto,2.327046,1.5,0
5.74,0,kuramoto,2.450001,1.5,0
5.75,0,kuramoto,2.572957,1.5,0
5.76,0,kuramoto,2.695913,1.5,0
5.77,0,kuramoto,2.818868,1.5,0
5.78,0,kuramoto,2.941824,1.5,0
5.79,0,kuramoto,3.06478,1.5,0
5.8,0,kuramoto,3.187735,1.5,0
5.81,0,kuramoto,3.310691,1.5,0
5.82,0,kuramoto,3.433647,1.5,0
5.83,0,kuramoto,3.556602,1.5,0
5.84,0,kuramoto,3.679558,1.5,0
5.85,0,kuramoto,3.802514,1.5,0
5.86,0,kuramoto,3.925469,1.5,0
5.87,0,kuramoto,4.048425,1.5,0
5.88,0,kuramoto,4.171381,1.5,0
5.89,0,kuramoto,4.294336,1.5,0
5.9,0,kuramoto,4.417292,1.5,0
5.91,0,kuramoto,4.540248,1.5,0
5.92,0,kuramoto,4.663203,1.5,0
5.93,0,kuramoto,4.786159,1.5,0
5.94,0,kuramoto,4.909115,1.5,0
5.95,0,kuramoto,5.03207,1.5,0
5.96,0,kuramoto,5.155026,1.5,0
5.97,0,kuramoto,5.277982,1.5,0
5.98,0,kuramoto,5.400937,1.5,0
5.99,0,kuramoto,5.523893,1.5,0
6.0,0,kuramoto,5.646849,1.5,0
6.01,0,kuramoto,5.769804,1.5,0
6.02,0,kuramoto,5.89276,1.5,0
6.03,0,kuramoto,6.015716,1.5,0
6.04,0,kuramoto,6.138671,1.5,0
6.05,0,kuramoto,6.261627,1.5,0
6.06,0,kuramoto,0.101397,1.5,1
6.07,0,kuramoto,0.224353,1.5,0
6.08,0,kuramoto,0.347309,1.5,0
6.09,0,kuramoto,0.470264,1.5,0
6.1,0,kuramoto,0.59322,1.5,0
6.11,0,kuramoto,0.716176,1.5,0
6.12,0,kuramoto,0.839131,1.5,0
6.13,0,kuramoto,0.962087,1.5,0
6.14,0,kuramoto,1.085043,1.5,0
6.15,0,kuramoto,1.207998,1.5,0
6.16,0,kuramoto,1.330954,1.5,0
6.17,0,kuramoto,1.45391,1.5,0
6.18,0,kuramoto,1.576865,1.5,0
6.19,0,kuramoto,1.699821,1.5,0
6.2,0,kuramoto,1.822777,1.5,0
6.21,0,kuramoto,1.945732,1.5,0
6.22,0,kuramoto,2.068688,1.5,0
6.23,0,kuramoto,2.191644,1.5,0
6.24,0,kuramoto,2.314599,1.5,0
6.25,0,kuramoto,2.437555,1.5,0
6.26,0,kuramoto,2.560511,1.5,0
6.27,0,kuramoto,2.683466,1.5,0
6.28,0,kuramoto,2.806422,1.5,0
6.29,0,kuramoto,2.929378,1.5,0
6.3,0,kuramoto,3.052333,1.5,0
6.31,0,kuramoto,3.175289,1.5,0
6.32,0,kuramoto,3.298245,1.5,0
6.33,0,kuramoto,3.4212,1.5,0
6.34,0,kuramoto,3.544156,1.5,0
6.35,0,kuramoto,3.667112,1.5,0
6.36,0,kuramoto,3.790067,1.5,0
6.37,0,kuramoto,3.913023,1.5,0
6.38,0,kuramoto,4.035979,1.5,0
6.39,0,kuramoto,4.158934,1.5,0
6.4,0,kuramoto,4.28189,1.5,0
6.41,0,kuramoto,4.404846,1.5,0
6.42,0,kuramoto,4.527801,1.5,0
6.43,0,kuramoto,4.650757,1.5,0
6.44,0,kuramoto,4.773713,1.5,0
6.45,0,kuramoto,4.896668,1.5,0
6.46,0,kuramoto,5.019624,1.5,0
6.47,0,kuramoto,5.14258,1.5,0
6.48,0,kuramoto,5.265535,1.5,0
6.49,0,kuramoto,5.388491,1.5,0
6.5,0,kuramoto,5.511447,1.5,0
6.51,0,kuramoto,5.634402,1.5,0
6.52,0,kuramoto,5.757358,1.5,0
6.53,0,kuramoto,5.880314,1.5,0
6.54,0,kuramoto,6.003269,1.5,0
6.55,0,kuramoto,6.126225,1.5,0
6.56,0,kuramoto,6.249181,1.5,0
6.57,0,kuramoto,0.088951,1.5,1
6.58,0,kuramoto,0.211907,1.5,0
6.59,0,kuramoto,0.334862,1.5,0
6.6,0,kuramoto,0.457818,1.5,0
6.61,0,kuramoto,0.580774,1.5,0
6.62,0,kuramoto,0.703729,1.5,0
6.63,0,kuramoto,0.826685,1.5,0
6.64,0,kuramoto,0.949641,1.5,0
6.65,0,kuramoto,1.072596,1.5,0
6.66,0,kuramoto,1.195552,1.5,0
6.67,0,kuramoto,1.318508,1.5,0
6.68,0,kuramoto,1.441463,1.5,0
6.69,0,kuramoto,1.564419,1.5,0
6.7,0,kuramoto,1.687375,1.5,0
6.71,0,kuramoto,1.810331,1.5,0
6.72,0,kuramoto,1.933286,1.5,0
6.73,0,kuramoto,2.056242,1.5,0
6.74,0,kuramoto,2.179198,1.5,0
6.75,0,kuramoto,2.302153,1.5,0
6.76,0,kuramoto,2.425109,1.5,0
6.77,0,kuramoto,2.548065,1.5,0
6.78,0,kuramoto,2.67102,1.5,0
6.79,0,kuramoto,2.793976,1.5,0
6.8,0,kuramoto,2.916932,1.5,0
6.81,0,kuramoto,3.039887,1.5,0
6.82,0,kuramoto,3.162843,1.5,0
6.83,0,kuramoto,3.285799,1.5,0
6.84,0,kuramoto,3.408754,1.5,0
6.85,0,kuramoto,3.53171,1.5,0
6.86,0,kuramoto,3.654666,1.5,0
6.87,0,kuramoto,3.777621,1.5,0
6.88,0,kuramoto,3.900577,1.5,0
6.89,0,kuramoto,4.023533,1.5,0
6.9,0,kuramoto,4.146488,1.5,0
6.91,0,kuramoto,4.269444,1.5,0
6.92,0,kuramoto,4.3924,1.5,0
6.93,0,kuramoto,4.515355,1.5,0
6.94,0,kuramoto,4.638311,1.5,0
6.95,0,kuramoto,4.761267,1.5,0
6.96,0,kuramoto,4.884222,1.5,0
6.97,0,kuramoto,5.007178,1.5,0
6.98,0,kuramoto,5.130134,1.5,0
6.99,0,kuramoto,5.253089,1.5,0
7.0,0,kuramoto,5.376045,1.5,0
7.01,0,kuramoto,5.499001,1.5,0
7.02,0,kuramoto,5.621956,1.5,0
7.03,0,kuramoto,5.744912,1.5,0
7.04,0,kuramoto,5.867868,1.5,0
7.05,0,kuramoto,5.990823,1.5,0
7.06,0,kuramoto,6.113779,1.5,0
7.07,0,kuramoto,6.236735,1.5,0
7.08,0,kuramoto,0.076505,1.5,1
7.09,0,kuramoto,0.199461,1.5,0
7.1,0,kuramoto,0.322416,1.5,0
7.11,0,kuramoto,0.445372,1.5,0
7.12,0,kuramoto,0.568328,1.5,0
7.13,0,kuramoto,0.691283,1.5,0
7.14,0,kuramoto,0.814239,1.5,0
7.15,0,kuramoto,0.937195,1.5,0
7.16,0,kuramoto,1.06015,1.5,0
7.17,0,kuramoto,1.183106,1.5,0
7.18,0,kuramoto,1.306062,1.5,0
7.19,0,kuramoto,1.429017,1.5,0
7.2,0,kuramoto,1.551973,1.5,0
7.21,0,kuramoto,1.674929,1.5,0
7.22,0,kuramoto,1.797884,1.5,0
7.23,0,kuramoto,1.92084,1.5,0
7.24,0,kuramoto,2.043796,1.5,0
7.25,0,kuramoto,2.166751,1.5,0
7.26,0,kuramoto,2.289707,1.5,0
7.27,0,kuramoto,2.412663,1.5,0
7.28,0,kuramoto,2.535618,1.5,0
7.29,0,kuramoto,2.658574,1.5,0
7.3,0,kuramoto,2.78153,1.5,0
7.31,0,kuramoto,2.904485,1.5,0
7.32,0,kuramoto,3.027441,1.5,0
7.33,0,kuramoto,3.150397,1.5,0
7.34,0,kuramoto,3.273352,1.5,0
7.35,0,kuramoto,3.396308,1.5,0
7.36,0,kuramoto,3.519264,1.5,0
7.37,0,kuramoto,3.642219,1.5,0
7.38,0,kuramoto,3.765175,1.5,0
7.39,0,kuramoto,3.888131,1.5,0
7.4,0,kuramoto,4.011086,1.5,0
7.41,0,kuramoto,4.134042,1.5,0
7.42,0,kuramoto,4.256998,1.5,0
7.43,0,kuramoto,4.379953,1.5,0
7.44,0,kuramoto,4.502909,1.5,0
7.45,0,kuramoto,4.625865,1.5,0
7.46,0,kuramoto,4.74882,1.5,0
7.47,0,kuramoto,4.871776,1.5,0
7.48,0,kuramoto,4.994732,1.5,0
7.49,0,kuramoto,5.117687,1.5,0
7.5,0,kuramoto,5.240643,1.5,0
7.51,0,kuramoto,5.363599,1.5,0
7.52,0,kuramoto,5.486554,1.5,0
7.53,0,kuramoto,5.60951,1.5,0
7.54,0,kuramoto,5.732466,1.5,0
7.55,0,kuramoto,5.855421,1.5,0
7.56,0,kuramoto,5.978377,1.5,0
7.57,0,kuramoto,6.101333,1.5,0
7.58,0,kuramoto,6.224288,1.5,0
7.59,0,kuramoto,0.064059,1.5,1
7.6,0,kuramoto,0.187014,1.5,0
7.61,0,kuramoto,0.30997,1.5,0
7.62,0,kuramoto,0.432926,1.5,0
7.63,0,kuramoto,0.555881,1.5,0
7.64,0,kuramoto,0.678837,1.5,0
7.65,0,kuramoto,0.801793,1.5,0
7.66,0,kuramoto,0.924748,1.5,0
7.67,0,kuramoto,1.047704,1.5,0
7.68,0,kuramoto,1.17066,1.5,0
7.69,0,kuramoto,1.293615,1.5,0
7.7,0,kuramoto,1.416571,1.5,0
7.71,0,kuramoto,1.539527,1.5,0
7.72,0,kuramoto,1.662482,1.5,0
7.73,0,kuramoto,1.785438,1.5,0
7.74,0,kuramoto,1.908394,1.5,0
7.75,0,kuramoto,2.031349,1.5,0
7.76,0,kuramoto,2.154305,1.5,0
7.77,0,kuramoto,2.277261,1.5,0
7.78,0,kuramoto,2.400216,1.5,0
7.79,0,kuramoto,2.523172,1.5,0
7.8,0,kuramoto,2.646128,1.5,0
7.81,0,kuramoto,2.769084,1.5,0
7.82,0,kuramoto,2.892039,1.5,0
7.83,0,kuramoto,3.014995,1.5,0
7.84,0,kuramoto,3.137951,1.5,0
7.85,0,kuramoto,3.260906,1.5,0
7.86,0,kuramoto,3.383862,1.5,0
7.87,0,kuramoto,3.506818,1.5,0
7.88,0,kuramoto,3.629773,1.5,0
7.89,0,kuramoto,3.752729,1.5,0
7.9,0,kuramoto,3.875685,1.5,0
7.91,0,kuramoto,3.99864,1.5,0
7.92,0,kuramoto,4.121596,1.5,0
7.93,0,kuramoto,4.244552,1.5,0
7.94,0,kuramoto,4.367507,1.5,0
7.95,0,kuramoto,4.490463,1.5,0
7.96,0,kuramoto,4.613419,1.5,0
7.97,0,kuramoto,4.736374,1.5,0
7.98,0,kuramoto,4.85933,1.5,0
7.99,0,kuramoto,4.982286,1.5,0
8.0,0,kuramoto,5.105241,1.5,0
8.01,0,kuramoto,5.228197,1.5,0
8.02,0,kuramoto,5.351153,1.5,0
8.03,0,kuramoto,5.474108,1.5,0
8.04,0,kuramoto,5.597064,1.5,0
8.05,0,kuramoto,5.72002,1.5,0
8.06,0,kuramoto,5.842975,1.5,0
8.07,0,kuramoto,5.965931,1.5,0
8.08,0,kuramoto,6.088887,1.5,0
8.09,0,kuramoto,6.211842,1.5,0
8.1,0,kuramoto,0.051613,1.5,1
8.11,0,kuramoto,0.174568,1.5,0
8.12,0,kuramoto,0.297524,1.5,0
8.13,0,kuramoto,0.42048,1.5,0
8.14,0,kuramoto,0.543435,1.5,0
8.15,0,kuramoto,0.666391,1.5,0
8.16,0,kuramoto,0.789347,1.5,0
8.17,0,kuramoto,0.912302,1.5,0
8.18,0,kuramoto,1.035258,1.5,0
8.19,0,kuramoto,1.158214,1.5,0
8.2,0,kuramoto,1.281169,1.5,0
8.21,0,kuramoto,1.404125,1.5,0
8.22,0,kuramoto,1.527081,1.5,0
8.23,0,kuramoto,1.650036,1.5,0
8.24,0,kuramoto,1.772992,1.5,0
8.25,0,kuramoto,1.895948,1.5,0
8.26,0,kuramoto,2.018903,1.5,0
8.27,0,kuramoto,2.141859,1.5,0
8.28,0,kuramoto,2.264815,1.5,0
8.29,0,kuramoto,2.38777,1.5,0
8.3,0,kuramoto,2.510726,1.5,0
8.31,0,kuramoto,2.633682,1.5,0
8.32,0,kuramoto,2.756637,1.5,0
8.33,0,kuramoto,2.879593,1.5,0
8.34,0,kuramoto,3.002549,1.5,0
8.35,0,kuramoto,3.125504,1.5,0
8.36,0,kuramoto,3.24846,1.5,0
8.37,0,kuramoto,3.371416,1.5,0
8.38,0,kuramoto,3.494371,1.5,0
8.39,0,kuramoto,3.617327,1.5,0
8.4,0,kuramoto,3.740283,1.5,0
8.41,0,kuramoto,3.863238,1.5,0
8.42,0,kuramoto,3.986194,1.5,0
8.43,0,kuramoto,4.10915,1.5,0
8.44,0,kuramoto,4.232105,1.5,0
8.45,0,kuramoto,4.355061,1.5,0
8.46,0,kuramoto,4.478017,1.5,0
8.47,0,kuramoto,4.600972,1.5,0
8.48,0,kuramoto,4.723928,1.5,0
8.49,0,kuramoto,4.846884,1.5,0
8.5,0,kuramoto,4.969839,1.5,0
8.51,0,kuramoto,5.092795,1.5,0
8.52,0,kuramoto,5.215751,1.5,0
8.53,0,kuramoto,5.338706,1.5,0
8.54,0,kuramoto,5.461662,1.5,0
8.55,0,kuramoto,5.584618,1.5,0
8.56,0,kuramoto,5.707573,1.5,0
8.57,0,kuramoto,5.830529,1.5,0
8.58,0,kuramoto,5.953485,1.5,0
8.59,0,kuramoto,6.07644,1.5,0
8.6,0,kuramoto,6.199396,1.5,0
8.61,0,kuramoto,0.039166,1.5,1
8.62,0,kuramoto,0.162122,1.5,0
8.63,0,kuramoto,0.285078,1.5,0
8.64,0,kuramoto,0.408033,1.5,0
8.65,0,kuramoto,0.530989,1.5,0
8.66,0,kuramoto,0.653945,1.5,0
8.67,0,kuramoto,0.7769,1.5,0
8.68,0,kuramoto,0.899856,1.5,0
8.69,0,kuramoto,1.022812,1.5,0
8.7,0,kuramoto,1.145767,1.5,0
8.71,0,kuramoto,1.268723,1.5,0
8.72,0,kuramoto,1.391679,1.5,0
8.73,0,kuramoto,1.514634,1.5,0
8.74,0,kuramoto,1.63759,1.5,0
8.75,0,kuramoto,1.760546,1.5,0
8.76,0,kuramoto,1.883501,1.5,0
8.77,0,kuramoto,2.006457,1.5,0
8.78,0,kuramoto,2.129413,1.5,0
8.79,0,kuramoto,2.252368,1.5,0
8.8,0,kuramoto,2.375324,1.5,0
8.81,0,kuramoto,2.49828,1.5,0
8.82,0,kuramoto,2.621235,1.5,0
8.83,0,kuramoto,2.744191,1.5,0
8.84,0,kuramoto,2.867147,1.5,0
8.85,0,kuramoto,2.990102,1.5,0
8.86,0,kuramoto,3.113058,1.5,0
8.87,0,kuramoto,3.236014,1.5,0
8.88,0,kuramoto,3.35897,1.5,0
8.89,0,kuramoto,3.481925,1.5,0
8.9,0,kuramoto,3.604881,1.5,0
8.91,0,kuramoto,3.727837,1.5,0
8.92,0,kuramoto,3.850792,1.5,0
8.93,0,kuramoto,3.973748,1.5,0
8.94,0,kuramoto,4.096704,1.5,0
8.95,0,kuramoto,4.219659,1.5,0
8.96,0,kuramoto,4.342615,1.5,0
8.97,0,kuramoto,4.465571,1.5,0
8.98,0,kuramoto,4.588526,1.5,0
8.99,0,kuramoto,4.711482,1.5,0
9.0,0,kuramoto,4.834438,1.5,0
9.01,0,kuramoto,4.957393,1.5,0
9.02,0,kuramoto,5.080349,1.5,0
9.03,0,kuramoto,5.203305,1.5,0
9.04,0,kuramoto,5.32626,1.5,0
9.05,0,kuramoto,5.449216,1.5,0
9.06,0,kuramoto,5.572172,1.5,0
9.07,0,kuramoto,5.695127,1.5,0
9.08,0,kuramoto,5.818083,1.5,0
9.09,0,kuramoto,5.941039,1.5,0
9.1,0,kuramoto,6.063994,1.5,0
9.11,0,kuramoto,6.18695,1.5,0
9.12,0,kuramoto,0.02672,1.5,1
9.13,0,kuramoto,0.149676,1.5,0
9.14,0,kuramoto,0.272632,1.5,0
9.15,0,kuramoto,0.395587,1.5,0
9.16,0,kuramoto,0.518543,1.5,0
9.17,0,kuramoto,0.641499,1.5,0
9.18,0,kuramoto,0.764454,1.5,0
9.19,0,kuramoto,0.88741,1.5,0
9.2,0,kuramoto,1.010366,1.5,0
9.21,0,kuramoto,1.133321,1.5,0
9.22,0,kuramoto,1.256277,1.5,0
9.23,0,kuramoto,1.379233,1.5,0
9.24,0,kuramoto,1.502188,1.5,0
9.25,0,kuramoto,1.625144,1.5,0
9.26,0,kuramoto,1.7481,1.5,0
9.27,0,kuramoto,1.871055,1.5,0
9.28,0,kuramoto,1.994011,1.5,0
9.29,0,kuramoto,2.116967,1.5,0
9.3,0,kuramoto,2.239922,1.5,0
9.31,0,kuramoto,2.362878,1.5,0
9.32,0,kuramoto,2.485834,1.5,0
9.33,0,kuramoto,2.608789,1.5,0
9.34,0,kuramoto,2.731745,1.5,0
9.35,0,kuramoto,2.854701,1.5,0
9.36,0,kuramoto,2.977656,1.5,0
9.37,0,kuramoto,3.100612,1.5,0
9.38,0,kuramoto,3.223568,1.5,0
9.39,0,kuramoto,3.346523,1.5,0
9.4,0,kuramoto,3.469479,1.5,0
9.41,0,kuramoto,3.592435,1.5,0
9.42,0,kuramoto,3.71539,1.5,0
9.43,0,kuramoto,3.838346,1.5,0
9.44,0,kuramoto,3.961302,1.5,0
9.45,0,kuramoto,4.084257,1.5,0
9.46,0,kuramoto,4.207213,1.5,0
9.47,0,kuramoto,4.330169,1.5,0
9.48,0,kuramoto,4.453124,1.5,0
9.49,0,kuramoto,4.57608,1.5,0
9.5,0,kuramoto,4.699036,1.5,0
9.51,0,kuramoto,4.821991,1.5,0
9.52,0,kuramoto,4.944947,1.5,0
9.53,0,kuramoto,5.067903,1.5,0
9.54,0,kuramoto,5.190858,1.5,0
9.55,0,kuramoto,5.313814,1.5,0
9.56,0,kuramoto,5.43677,1.5,0
9.57,0,kuramoto,5.559725,1.5,0
9.58,0,kuramoto,5.682681,1.5,0
9.59,0,kuramoto,5.805637,1.5,0
9.6,0,kuramoto,5.928592,1.5,0
9.61,0,kuramoto,6.051548,1.5,0
9.62,0,kuramoto,6.174504,1.5,0
9.63,0,kuramoto,0.014274,1.5,1
9.64,0,kuramoto,0.13723,1.5,0
9.65,0,kuramoto,0.260185,1.5,0
9.66,0,kuramoto,0.383141,1.5,0
9.67,0,kuramoto,0.506097,1.5,0
9.68,0,kuramoto,0.629052,1.5,0
9.69,0,kuramoto,0.752008,1.5,0
9.7,0,kuramoto,0.874964,1.5,0
9.71,0,kuramoto,0.997919,1.5,0
9.72,0,kuramoto,1.120875,1.5,0
9.73,0,kuramoto,1.243831,1.5,0
9.74,0,kuramoto,1.366786,1.5,0
9.75,0,kuramoto,1.489742,1.5,0
9.76,0,kuramoto,1.612698,1.5,0
9.77,0,kuramoto,1.735653,1.5,0
9.78,0,kuramoto,1.858609,1.5,0
9.79,0,kuramoto,1.981565,1.5,0
9.8,0,kuramoto,2.10452,1.5,0
9.81,0,kuramoto,2.227476,1.5,0
9.82,0,kuramoto,2.350432,1.5,0
9.83,0,kuramoto,2.473387,1.5,0
9.84,0,kuramoto,2.596343,1.5,0
9.85,0,kuramoto,2.719299,1.5,0
9.86,0,kuramoto,2.842254,1.5,0
9.87,0,kuramoto,2.96521,1.5,0
9.88,0,kuramoto,3.088166,1.5,0
9.89,0,kuramoto,3.211121,1.5,0
9.9,0,kuramoto,3.334077,1.5,0
9.91,0,kuramoto,3.457033,1.5,0
9.92,0,kuramoto,3.579988,1.5,0
9.93,0,kuramoto,3.702944,1.5,0
9.94,0,kuramoto,3.8259,1.5,0
9.95,0,kuramoto,3.948855,1.5,0
9.96,0,kuramoto,4.071811,1.5,0
9.97,0,kuramoto,4.194767,1.5,0
9.98,0,kuramoto,4.317723,1.5,0
9.99,0,kuramoto,4.440678,1.5,0
10.0,0,kuramoto,4.563634,1.5,0
0.0,1,kuramoto,2.459143,2.0,0
0.01,1,kuramoto,2.587641,2.0,0
0.02,1,kuramoto,2.715246,2.0,0
0.03,1,kuramoto,2.841917,2.0,0
0.04,1,kuramoto,2.967617,2.0,0
0.05,1,kuramoto,3.092308,2.0,0
0.06,1,kuramoto,3.215953,2.0,0
0.07,1,kuramoto,3.338517,2.0,0
0.08,1,kuramoto,3.459969,2.0,0
0.09,1,kuramoto,3.580279,2.0,0
0.1,1,kuramoto,3.699422,2.0,0
0.11,1,kuramoto,3.817376,2.0,0
0.12,1,kuramoto,3.934126,2.0,0
0.13,1,kuramoto,4.049663,2.0,0
0.14,1,kuramoto,4.163986,2.0,0
0.15,1,kuramoto,4.277102,2.0,0
0.16,1,kuramoto,4.389029,2.0,0
0.17,1,kuramoto,4.499797,2.0,0
0.18,1,kuramoto,4.609446,2.0,0
0.19,1,kuramoto,4.71803,2.0,0
0.2,1,kuramoto,4.825616,2.0,0
0.21,1,kuramoto,4.932282,2.0,0
0.22,1,kuramoto,5.038119,2.0,0
0.23,1,kuramoto,5.14323,2.0,0
0.24,1,kuramoto,5.247724,2.0,0
0.25,1,kuramoto,5.351721,2.0,0
0.26,1,kuramoto,5.45534,2.0,0
0.27,1,kuramoto,5.558706,2.0,0
0.28,1,kuramoto,5.66194,2.0,0
0.29,1,kuramoto,5.765161,2.0,0
0.3,1,kuramoto,5.868481,2.0,0
0.31,1,kuramoto,5.972003,2.0,0
0.32,1,kuramoto,6.075821,2.0,0
0.33,1,kuramoto,6.180017,2.0,0
0.34,1,kuramoto,0.001478,2.0,1
0.35,1,kuramoto,0.106633,2.0,0
0.36,1,kuramoto,0.212346,2.0,0
0.37,1,kuramoto,0.318653,2.0,0
0.38,1,kuramoto,0.425581,2.0,0
0.39,1,kuramoto,0.53315,2.0,0
0.4,1,kuramoto,0.641367,2.0,0
0.41,1,kuramoto,0.750238,2.0,0
0.42,1,kuramoto,0.859757,2.0,0
0.43,1,kuramoto,0.969917,2.0,0
0.44,1,kuramoto,1.080706,2.0,0
0.45,1,kuramoto,1.192108,2.0,0
0.46,1,kuramoto,1.304105,2.0,0
0.47,1,kuramoto,1.416677,2.0,0
0.48,1,kuramoto,1.529802,2.0,0
0.49,1,kuramoto,1.64346,2.0,0
0.5,1,kuramoto,1.757626,2.0,0
0.51,1,kuramoto,1.872278,2.0,0
0.52,1,kuramoto,1.987394,2.0,0
0.53,1,kuramoto,2.10295,2.0,0
0.54,1,kuramoto,2.218926,2.0,0
0.55,1,kuramoto,2.335299,2.0,0
0.56,1,kuramoto,2.452049,2.0,0
0.57,1,kuramoto,2.569156,2.0,0
0.58,1,kuramoto,2.686601,2.0,0
0.59,1,kuramoto,2.804366,2.0,0
0.6,1,kuramoto,2.922432,2.0,0
0.61,1,kuramoto,3.040784,2.0,0
0.62,1,kuramoto,3.159405,2.0,0
0.63,1,kuramoto,3.27828,2.0,0
0.64,1,kuramoto,3.397396,2.0,0
0.65,1,kuramoto,3.516737,2.0,0
0.66,1,kuramoto,3.636293,2.0,0
0.67,1,kuramoto,3.75605,2.0,0
0.68,1,kuramoto,3.875996,2.0,0
0.69,1,kuramoto,3.996122,2.0,0
0.7,1,kuramoto,4.116417,2.0,0
0.71,1,kuramoto,4.236871,2.0,0
0.72,1,kuramoto,4.357475,2.0,0
0.73,1,kuramoto,4.478221,2.0,0
0.74,1,kuramoto,4.5991,2.0,0
0.75,1,kuramoto,4.720105,2.0,0
0.76,1,kuramoto,4.841228,2.0,0
0.77,1,kuramoto,4.962463,2.0,0
0.78,1,kuramoto,5.083804,2.0,0
0.79,1,kuramoto,5.205244,2.0,0
0.8,1,kuramoto,5.326777,2.0,0
0.81,1,kuramoto,5.448399,2.0,0
0.82,1,kuramoto,5.570104,2.0,0
0.83,1,kuramoto,5.691887,2.0,0
0.84,1,kuramoto,5.813745,2.0,0
0.85,1,kuramoto,5.935672,2.0,0
0.86,1,kuramoto,6.057664,2.0,0
0.87,1,kuramoto,6.179719,2.0,0
0.88,1,kuramoto,0.018647,2.0,1
0.89,1,kuramoto,0.140815,2.0,0
0.9,1,kuramoto,0.263035,2.0,0
0.91,1,kuramoto,0.385304,2.0,0
0.92,1,kuramoto,0.507618,2.0,0
0.93,1,kuramoto,0.629976,2.0,0
0.94,1,kuramoto,0.752376,2.0,0
0.95,1,kuramoto,0.874813,2.0,0
0.96,1,kuramoto,0.997287,2.0,0
0.97,1,kuramoto,1.119795,2.0,0
0.98,1,kuramoto,1.242335,2.0,0
0.99,1,kuramoto,1.364905,2.0,0
1.0,1,kuramoto,1.487504,2.0,0
1.01,1,kuramoto,1.61013,2.0,0
1.02,1,kuramoto,1.73278,2.0,0
1.03,1,kuramoto,1.855455,2.0,0
1.04,1,kuramoto,1.978152,2.0,0
1.05,1,kuramoto,2.10087,2.0,0
1.06,1,kuramoto,2.223607,2.0,0
1.07,1,kuramoto,2.346364,2.0,0
1.08,1,kuramoto,2.469137,2.0,0
1.09,1,kuramoto,2.591927,2.0,0
1.1,1,kuramoto,2.714733,2.0,0
1.11,1,kuramoto,2.837552,2.0,0
1.12,1,kuramoto,2.960386,2.0,0
1.13,1,kuramoto,3.083232,2.0,0
1.14,1,kuramoto,3.206089,2.0,0
1.15,1,kuramoto,3.328958,2.0,0
1.16,1,kuramoto,3.451838,2.0,0
1.17,1,kuramoto,3.574727,2.0,0
1.18,1,kuramoto,3.697625,2.0,0
1.19,1,kuramoto,3.820532,2.0,0
1.2,1,kuramoto,3.943447,2.0,0
1.21,1,kuramoto,4.066369,2.0,0
1.22,1,kuramoto,4.189298,2.0,0
1.23,1,kuramoto,4.312233,2.0,0
1.24,1,kuramoto,4.435175,2.0,0
1.25,1,kuramoto,4.558122,2.0,0
1.26,1,kuramoto,4.681075,2.0,0
1.27,1,kuramoto,4.804032,2.0,0
1.28,1,kuramoto,4.926993,2.0,0
1.29,1,kuramoto,5.049959,2.0,0
1.3,1,kuramoto,5.172929,2.0,0
1.31,1,kuramoto,5.295902,2.0,0
1.32,1,kuramoto,5.418878,2.0,0
1.33,1,kuramoto,5.541857,2.0,0
1.34,1,kuramoto,5.66484,2.0,0
1.35,1,kuramoto,5.787824,2.0,0
1.36,1,kuramoto,5.910811,2.0,0
1.37,1,kuramoto,6.0338,2.0,0
1.38,1,kuramoto,6.156791,2.0,0
1.39,1,kuramoto,6.279783,2.0,0
1.4,1,kuramoto,0.119592,2.0,1
1.41,1,kuramoto,0.242588,2.0,0
1.42,1,kuramoto,0.365585,2.0,0
1.43,1,kuramoto,0.488582,2.0,0
1.44,1,kuramoto,0.611581,2.0,0
1.45,1,kuramoto,0.734581,2.0,0
1.46,1,kuramoto,0.857581,2.0,0
1.47,1,kuramoto,0.980582,2.0,0
1.48,1,kuramoto,1.103584,2.0,0
1.49,1,kuramoto,1.226586,2.0,0
1.5,1,kuramoto,1.349588,2.0,0
1.51,1,kuramoto,1.47259,2.0,0
1.52,1,kuramoto,1.595593,2.0,0
1.53,1,kuramoto,1.718596,2.0,0
1.54,1,kuramoto,1.841599,2.0,0
1.55,1,kuramoto,1.964602,2.0,0
1.56,1,kuramoto,2.087604,2.0,0
1.57,1,kuramoto,2.210607,2.0,0
1.58,1,kuramoto,2.33361,2.0,0
1.59,1,kuramoto,2.456612,2.0,0
1.6,1,kuramoto,2.579614,2.0,0
1.61,1,kuramoto,2.702615,2.0,0
1.62,1,kuramoto,2.825617,2.0,0
1.63,1,kuramoto,2.948618,2.0,0
1.64,1,kuramoto,3.071618,2.0,0
1.65,1,kuramoto,3.194618,2.0,0
1.66,1,kuramoto,3.317618,2.0,0
1.67,1,kuramoto,3.440617,2.0,0
1.68,1,kuramoto,3.563616,2.0,0
1.69,1,kuramoto,3.686614,2.0,0
1.7,1,kuramoto,3.809612,2.0,0
1.71,1,kuramoto,3.932609,2.0,0
1.72,1,kuramoto,4.055606,2.0,0
1.73,1,kuramoto,4.178602,2.0,0
1.74,1,kuramoto,4.301597,2.0,0
1.75,1,kuramoto,4.424592,2.0,0
1.76,1,kuramoto,4.547587,2.0,0
1.77,1,kuramoto,4.67058,2.0,0
1.78,1,kuramoto,4.793573,2.0,0
1.79,1,kuramoto,4.916566,2.0,0
1.8,1,kuramoto,5.039558,2.0,0
1.81,1,kuramoto,5.162549,2.0,0
1.82,1,kuramoto,5.28554,2.0,0
1.83,1,kuramoto,5.40853,2.0,0
1.84,1,kuramoto,5.531519,2.0,0
1.85,1,kuramoto,5.654508,2.0,0
1.86,1,kuramoto,5.777497,2.0,0
1.87,1,kuramoto,5.900484,2.0,0
1.88,1,kuramoto,6.023471,2.0,0
1.89,1,kuramoto,6.146458,2.0,0
1.9,1,kuramoto,6.269444,2.0,0
1.91,1,kuramoto,0.109244,2.0,1
1.92,1,kuramoto,0.232229,2.0,0
1.93,1,kuramoto,0.355213,2.0,0
1.94,1,kuramoto,0.478196,2.0,0
1.95,1,kuramoto,0.60118,2.0,0
1.96,1,kuramoto,0.724162,2.0,0
1.97,1,kuramoto,0.847144,2.0,0
1.98,1,kuramoto,0.970125,2.0,0
1.99,1,kuramoto,1.093106,2.0,0
2.0,1,kuramoto,1.216087,2.0,0
2.01,1,kuramoto,1.339067,2.0,0
2.02,1,kuramoto,1.462046,2.0,0
2.03,1,kuramoto,1.585025,2.0,0
2.04,1,kuramoto,1.708003,2.0,0
2.05,1,kuramoto,1.830981,2.0,0
2.06,1,kuramoto,1.953958,2.0,0
2.07,1,kuramoto,2.076935,2.0,0
2.08,1,kuramoto,2.199912,2.0,0
2.09,1,kuramoto,2.322888,2.0,0
2.1,1,kuramoto,2.445863,2.0,0
2.11,1,kuramoto,2.568838,2.0,0
2.12,1,kuramoto,2.691813,2.0,0
2.13,1,kuramoto,2.814787,2.0,0
2.14,1,kuramoto,2.937761,2.0,0
2.15,1,kuramoto,3.060734,2.0,0
2.16,1,kuramoto,3.183707,2.0,0
2.17,1,kuramoto,3.30668,2.0,0
2.18,1,kuramoto,3.429652,2.0,0
2.19,1,kuramoto,3.552624,2.0,0
2.2,1,kuramoto,3.675595,2.0,0
2.21,1,kuramoto,3.798566,2.0,0
2.22,1,kuramoto,3.921537,2.0,0
2.23,1,kuramoto,4.044507,2.0,0
2.24,1,kuramoto,4.167477,2.0,0
2.25,1,kuramoto,4.290447,2.0,0
2.26,1,kuramoto,4.413416,2.0,0
2.27,1,kuramoto,4.536385,2.0,0
2.28,1,kuramoto,4.659354,2.0,0
2.29,1,kuramoto,4.782322,2.0,0
2.3,1,kuramoto,4.90529,2.0,0
2.31,1,kuramoto,5.028258,2.0,0
2.32,1,kuramoto,5.151226,2.0,0
2.33,1,kuramoto,5.274193,2.0,0
2.34,1,kuramoto,5.39716,2.0,0
2.35,1,kuramoto,5.520126,2.0,0
2.36,1,kuramoto,5.643093,2.0,0
2.37,1,kuramoto,5.766059,2.0,0
2.38,1,kuramoto,5.889025,2.0,0
2.39,1,kuramoto,6.01199,2.0,0
2.4,1,kuramoto,6.134956,2.0,0
2.41,1,kuramoto,6.257921,2.0,0
2.42,1,kuramoto,0.0977,2.0,1
2.43,1,kuramoto,0.220665,2.0,0
2.44,1,kuramoto,0.34363,2.0,0
2.45,1,kuramoto,0.466594,2.0,0
2.46,1,kuramoto,0.589558,2.0,0
2.47,1,kuramoto,0.712522,2.0,0
2.48,1,kuramoto,0.835485,2.0,0
2.49,1,kuramoto,0.958449,2.0,0
2.5,1,kuramoto,1.081412,2.0,0
2.51,1,kuramoto,1.204375,2.0,0
2.52,1,kuramoto,1.327338,2.0,0
2.53,1,kuramoto,1.4503,2.0,0
2.54,1,kuramoto,1.573263,2.0,0
2.55,1,kuramoto,1.696225,2.0,0
2.56,1,kuramoto,1.819187,2.0,0
2.57,1,kuramoto,1.942149,2.0,0
2.58,1,kuramoto,2.065111,2.0,0
2.59,1,kuramoto,2.188073,2.0,0
2.6,1,kuramoto,2.311034,2.0,0
2.61,1,kuramoto,2.433995,2.0,0
2.62,1,kuramoto,2.556957,2.0,0
2.63,1,kuramoto,2.679918,2.0,0
2.64,1,kuramoto,2.802879,2.0,0
2.65,1,kuramoto,2.925839,2.0,0
2.66,1,kuramoto,3.0488,2.0,0
2.67,1,kuramoto,3.171761,2.0,0
2.68,1,kuramoto,3.294721,2.0,0
2.69,1,kuramoto,3.417681,2.0,0
2.7,1,kuramoto,3.540641,2.0,0
2.71,1,kuramoto,3.663602,2.0,0
2.72,1,kuramoto,3.786561,2.0,0
2.73,1,kuramoto,3.909521,2.0,0
2.74,1,kuramoto,4.032481,2.0,0
2.75,1,kuramoto,4.155441,2.0,0
2.76,1,kuramoto,4.2784,2.0,0
2.77,1,kuramoto,4.401359,2.0,0
2.78,1,kuramoto,4.524319,2.0,0
2.79,1,kuramoto,4.647278,2.0,0
2.8,1,kuramoto,4.770237,2.0,0
2.81,1,kuramoto,4.893196,2.0,0
2.82,1,kuramoto,5.016155,2.0,0
2.83,1,kuramoto,5.139114,2.0,0
2.84,1,kuramoto,5.262073,2.0,0
2.85,1,kuramoto,5.385031,2.0,0
2.86,1,kuramoto,5.50799,2.0,0
2.87,1,kuramoto,5.630949,2.0,0
2.88,1,kuramoto,5.753907,2.0,0
2.89,1,kuramoto,5.876865,2.0,0
2.9,1,kuramoto,5.999824,2.0,0
2.91,1,kuramoto,6.122782,2.0,0
2.92,1,kuramoto,6.24574,2.0,0
2.93,1,kuramoto,0.085513,2.0,1
2.94,1,kuramoto,0.208471,2.0,0
2.95,1,kuramoto,0.331429,2.0,0
2.96,1,kuramoto,0.454387,2.0,0
2.97,1,kuramoto,0.577345,2.0,0
2.98,1,kuramoto,0.700303,2.0,0
2.99,1,kuramoto,0.82326,2.0,0
3.0,1,kuramoto,0.946218,2.0,0
3.01,1,kuramoto,1.069176,2.0,0
3.02,1,kuramoto,1.192133,2.0,0
3.03,1,kuramoto,1.315091,2.0,0
3.04,1,kuramoto,1.438048,2.0,0
3.05,1,kuramoto,1.561006,2.0,0
3.06,1,kuramoto,1.683963,2.0,0
3.07,1,kuramoto,1.806921,2.0,0
3.08,1,kuramoto,1.929878,2.0,0
3.09,1,kuramoto,2.052835,2.0,0
3.1,1,kuramoto,2.175792,2.0,0
3.11,1,kuramoto,2.29875,2.0,0
3.12,1,kuramoto,2.421707,2.0,0
3.13,1,kuramoto,2.544664,2.0,0
3.14,1,kuramoto,2.667621,2.0,0
3.15,1,kuramoto,2.790578,2.0,0
3.16,1,kuramoto,2.913535,2.0,0
3.17,1,kuramoto,3.036492,2.0,0
3.18,1,kuramoto,3.159449,2.0,0
3.19,1,kuramoto,3.282406,2.0,0
3.2,1,kuramoto,3.405362,2.0,0
3.21,1,kuramoto,3.528319,2.0,0
3.22,1,kuramoto,3.651276,2.0,0
3.23,1,kuramoto,3.774233,2.0,0
3.24,1,kuramoto,3.89719,2.0,0
3.25,1,kuramoto,4.020146,2.0,0
3.26,1,kuramoto,4.143103,2.0,0
3.27,1,kuramoto,4.26606,2.0,0
3.28,1,kuramoto,4.389016,2.0,0
3.29,1,kuramoto,4.511973,2.0,0
3.3,1,kuramoto,4.634929,2.0,0
3.31,1,kuramoto,4.757886,2.0,0
3.32,1,kuramoto,4.880842,2.0,0
3.33,1,kuramoto,5.003799,2.0,0
3.34,1,kuramoto,5.126755,2.0,0
3.35,1,kuramoto,5.249712,2.0,0
3.36,1,kuramoto,5.372668,2.0,0
3.37,1,kuramoto,5.495625,2.0,0
3.38,1,kuramoto,5.618581,2.0,0
3.39,1,kuramoto,5.741537,2.0,0
3.4,1,kuramoto,5.864494,2.0,0
3.41,1,kuramoto,5.98745,2.0,0
3.42,1,kuramoto,6.110406,2.0,0
3.43,1,kuramoto,6.233363,2.0,0
3.44,1,kuramoto,0.073134,2.0,1
3.45,1,kuramoto,0.19609,2.0,0
3.46,1,kuramoto,0.319046,2.0,0
3.47,1,kuramoto,0.442003,2.0,0
3.48,1,kuramoto,0.564959,2.0,0
3.49,1,kuramoto,0.687915,2.0,0
3.5,1,kuramoto,0.810871,2.0,0
3.51,1,kuramoto,0.933827,2.0,0
3.52,1,kuramoto,1.056783,2.0,0
3.53,1,kuramoto,1.17974,2.0,0
3.54,1,kuramoto,1.302696,2.0,0
3.55,1,kuramoto,1.425652,2.0,0
3.56,1,kuramoto,1.548608,2.0,0
3.57,1,kuramoto,1.671564,2.0,0
3.58,1,kuramoto,1.79452,2.0,0
3.59,1,kuramoto,1.917476,2.0,0
3.6,1,kuramoto,2.040432,2.0,0
3.61,1,kuramoto,2.163388,2.0,0
3.62,1,kuramoto,2.286344,2.0,0
3.63,1,kuramoto,2.4093,2.0,0
3.64,1,kuramoto,2.532256,2.0,0
3.65,1,kuramoto,2.655213,2.0,0
3.66,1,kuramoto,2.778169,2.0,0
3.67,1,kuramoto,2.901125,2.0,0
3.68,1,kuramoto,3.02408,2.0,0
3.69,1,kuramoto,3.147036,2.0,0
3.7,1,kuramoto,3.269992,2.0,0
3.71,1,kuramoto,3.392948,2.0,0
3.72,1,kuramoto,3.515904,2.0,0
3.73,1,kuramoto,3.63886,2.0,0
3.74,1,kuramoto,3.761816,2.0,0
3.75,1,kuramoto,3.884772,2.0,0
3.76,1,kuramoto,4.007728,2.0,0
3.77,1,kuramoto,4.130684,2.0,0
3.78,1,kuramoto,4.25364,2.0,0
3.79,1,kuramoto,4.376596,2.0,0
3.8,1,kuramoto,4.499552,2.0,0
3.81,1,kuramoto,4.622508,2.0,0
3.82,1,kuramoto,4.745464,2.0,0
3.83,1,kuramoto,4.868419,2.0,0
3.84,1,kuramoto,4.991375,2.0,0
3.85,1,kuramoto,5.114331,2.0,0
3.86,1,kuramoto,5.237287,2.0,0
3.87,1,kuramoto,5.360243,2.0,0
3.88,1,kuramoto,5.483199,2.0,0
3.89,1,kuramoto,5.606155,2.0,0
3.9,1,kuramoto,5.72911,2.0,0
3.91,1,kuramoto,5.852066,2.0,0
3.92,1,kuramoto,5.975022,2.0,0
3.93,1,kuramoto,6.097978,2.0,0
3.94,1,kuramoto,6.220934,2.0,0
3.95,1,kuramoto,0.060704,2.0,1
3.96,1,kuramoto,0.18366,2.0,0
3.97,1,kuramoto,0.306616,2.0,0
3.98,1,kuramoto,0.429572,2.0,0
3.99,1,kuramoto,0.552528,2.0,0
4.0,1,kuramoto,0.675483,2.0,0
4.01,1,kuramoto,0.798439,2.0,0
4.02,1,kuramoto,0.921395,2.0,0
4.03,1,kuramoto,1.044351,2.0,0
4.04,1,kuramoto,1.167306,2.0,0
4.05,1,kuramoto,1.290262,2.0,0
4.06,1,kuramoto,1.413218,2.0,0
4.07,1,kuramoto,1.536174,2.0,0
4.08,1,kuramoto,1.65913,2.0,0
4.09,1,kuramoto,1.782085,2.0,0
4.1,1,kuramoto,1.905041,2.0,0
4.11,1,kuramoto,2.027997,2.0,0
4.12,1,kuramoto,2.150953,2.0,0
4.13,1,kuramoto,2.273908,2.0,0
4.14,1,kuramoto,2.396864,2.0,0
4.15,1,kuramoto,2.51982,2.0,0
4.16,1,kuramoto,2.642776,2.0,0
4.17,1,kuramoto,2.765731,2.0,0
4.18,1,kuramoto,2.888687,2.0,0
4.19,1,kuramoto,3.011643,2.0,0
4.2,1,kuramoto,3.134599,2.0,0
4.21,1,kuramoto,3.257554,2.0,0
4.22,1,kuramoto,3.38051,2.0,0
4.23,1,kuramoto,3.503466,2.0,0
4.24,1,kuramoto,3.626422,2.0,0
4.25,1,kuramoto,3.749377,2.0,0
4.26,1,kuramoto,3.872333,2.0,0
4.27,1,kuramoto,3.995289,2.0,0
4.28,1,kuramoto,4.118245,2.0,0
4.29,1,kuramoto,4.2412,2.0,0
4.3,1,kuramoto,4.364156,2.0,0
4.31,1,kuramoto,4.487112,2.0,0
4.32,1,kuramoto,4.610068,2.0,0
4.33,1,kuramoto,4.733023,2.0,0
4.34,1,kuramoto,4.855979,2.0,0
4.35,1,kuramoto,4.978935,2.0,0
4.36,1,kuramoto,5.10189,2.0,0
4.37,1,kuramoto,5.224846,2.0,0
4.38,1,kuramoto,5.347802,2.0,0
4.39,1,kuramoto,5.470758,2.0,0
4.4,1,kuramoto,5.593713,2.0,0
4.41,1,kuramoto,5.716669,2.0,0
4.42,1,kuramoto,5.839625,2.0,0
4.43,1,kuramoto,5.96258,2.0,0
4.44,1,kuramoto,6.085536,2.0,0
4.45,1,kuramoto,6.208492,2.0,0
4.46,1,kuramoto,0.048262,2.0,1
4.47,1,kuramoto,0.171218,2.0,0
4.48,1,kuramoto,0.294174,2.0,0
4.49,1,kuramoto,0.417129,2.0,0
4.5,1,kuramoto,0.540085,2.0,0
4.51,1,kuramoto,0.663041,2.0,0
4.52,1,kuramoto,0.785996,2.0,0
4.53,1,kuramoto,0.908952,2.0,0
4.54,1,kuramoto,1.031908,2.0,0
4.55,1,kuramoto,1.154864,2.0,0
4.56,1,kuramoto,1.277819,2.0,0
4.57,1,kuramoto,1.400775,2.0,0
4.58,1,kuramoto,1.523731,2.0,0
4.59,1,kuramoto,1.646686,2.0,0
4.6,1,kuramoto,1.769642,2.0,0
4.61,1,kuramoto,1.892598,2.0,0
4.62,1,kuramoto,2.015553,2.0,0
4.63,1,kuramoto,2.138509,2.0,0
4.64,1,kuramoto,2.261465,2.0,0
4.65,1,kuramoto,2.38442,2.0,0
4.66,1,kuramoto,2.507376,2.0,0
4.67,1,kuramoto,2.630332,2.0,0
4.68,1,kuramoto,2.753288,2.0,0
4.69,1,kuramoto,2.876243,2.0,0
4.7,1,kuramoto,2.999199,2.0,0
4.71,1,kuramoto,3.122155,2.0,0
4.72,1,kuramoto,3.24511,2.0,0
4.73,1,kuramoto,3.368066,2.0,0
4.74,1,kuramoto,3.491022,2.0,0
4.75,1,kuramoto,3.613977,2.0,0
4.76,1,kuramoto,3.736933,2.0,0
4.77,1,kuramoto,3.859889,2.0,0
4.78,1,kuramoto,3.982844,2.0,0
4.79,1,kuramoto,4.1058,2.0,0
4.8,1,kuramoto,4.228756,2.0,0
4.81,1,kuramoto,4.351711,2.0,0
4.82,1,kuramoto,4.474667,2.0,0
4.83,1,kuramoto,4.597623,2.0,0
4.84,1,kuramoto,4.720578,2.0,0
4.85,1,kuramoto,4.843534,2.0,0
4.86,1,kuramoto,4.96649,2.0,0
4.87,1,kuramoto,5.089446,2.0,0
4.88,1,kuramoto,5.212401,2.0,0
4.89,1,kuramoto,5.335357,2.0,0
4.9,1,kuramoto,5.458313,2.0,0
4.91,1,kuramoto,5.581268,2.0,0
4.92,1,kuramoto,5.704224,2.0,0
4.93,1,kuramoto,5.82718,2.0,0
4.94,1,kuramoto,5.950135,2.0,0
4.95,1,kuramoto,6.073091,2.0,0
4.96,1,kuramoto,6.196047,2.0,0
4.97,1,kuramoto,0.035817,2.0,1
4.98,1,kuramoto,0.158773,2.0,0
4.99,1,kuramoto,0.281728,2.0,0
5.0,1,kuramoto,0.404684,2.0,0
5.01,1,kuramoto,0.52764,2.0,0
5.02,1,kuramoto,0.650595,2.0,0
5.03,1,kuramoto,0.773551,2.0,0
5.04,1,kuramoto,0.896507,2.0,0
5.05,1,kuramoto,1.019462,2.0,0
5.06,1,kuramoto,1.142418,2.0,0
5.07,1,kuramoto,1.265374,2.0,0
5.08,1,kuramoto,1.388329,2.0,0
5.09,1,kuramoto,1.511285,2.0,0
5.1,1,kuramoto,1.634241,2.0,0
5.11,1,kuramoto,1.757196,2.0,0
5.12,1,kuramoto,1.880152,2.0,0
5.13,1,kuramoto,2.003108,2.0,0
5.14,1,kuramoto,2.126064,2.0,0
5.15,1,kuramoto,2.249019,2.0,0
5.16,1,kuramoto,2.371975,2.0,0
5.17,1,kuramoto,2.494931,2.0,0
5.18,1,kuramoto,2.617886,2.0,0
5.19,1,kuramoto,2.740842,2.0,0
5.2,1,kuramoto,2.863798,2.0,0
5.21,1,kuramoto,2.986753,2.0,0
5.22,1,kuramoto,3.109709,2.0,0
5.23,1,kuramoto,3.232665,2.0,0
5.24,1,kuramoto,3.35562,2.0,0
5.25,1,kuramoto,3.478576,2.0,0
5.26,1,kuramoto,3.601532,2.0,0
5.27,1,kuramoto,3.724487,2.0,0
5.28,1,kuramoto,3.847443,2.0,0
5.29,1,kuramoto,3.970399,2.0,0
5.3,1,kuramoto,4.093354,2.0,0
5.31,1,kuramoto,4.21631,2.0,0
5.32,1,kuramoto,4.339266,2.0,0
5.33,1,kuramoto,4.462221,2.0,0
5.34,1,kuramoto,4.585177,2.0,0
5.35,1,kuramoto,4.708133,2.0,0
5.36,1,kuramoto,4.831088,2.0,0
5.37,1,kuramoto,4.954044,2.0,0
5.38,1,kuramoto,5.077,2.0,0
5.39,1,kuramoto,5.199955,2.0,0
5.4,1,kuramoto,5.322911,2.0,0
5.41,1,kuramoto,5.445867,2.0,0
5.42,1,kuramoto,5.568822,2.0,0
5.43,1,kuramoto,5.691778,2.0,0
5.44,1,kuramoto,5.814734,2.0,0
5.45,1,kuramoto,5.937689,2.0,0
5.46,1,kuramoto,6.060645,2.0,0
5.47,1,kuramoto,6.183601,2.0,0
5.48,1,kuramoto,0.023371,2.0,1
5.49,1,kuramoto,0.146327,2.0,0
5.5,1,kuramoto,0.269282,2.0,0
5.51,1,kuramoto,0.392238,2.0,0
5.52,1,kuramoto,0.515194,2.0,0
5.53,1,kuramoto,0.638149,2.0,0
5.54,1,kuramoto,0.761105,2.0,0
5.55,1,kuramoto,0.884061,2.0,0
5.56,1,kuramoto,1.007016,2.0,0
5.57,1,kuramoto,1.129972,2.0,0
5.58,1,kuramoto,1.252928,2.0,0
5.59,1,kuramoto,1.375883,2.0,0
5.6,1,kuramoto,1.498839,2.0,0
5.61,1,kuramoto,1.621795,2.0,0
5.62,1,kuramoto,1.74475,2.0,0
5.63,1,kuramoto,1.867706,2.0,0
5.64,1,kuramoto,1.990662,2.0,0
5.65,1,kuramoto,2.113618,2.0,0
5.66,1,kuramoto,2.236573,2.0,0
5.67,1,kuramoto,2.359529,2.0,0
5.68,1,kuramoto,2.482485,2.0,0
5.69,1,kuramoto,2.60544,2.0,0
5.7,1,kuramoto,2.728396,2.0,0
5.71,1,kuramoto,2.851352,2.0,0
5.72,1,kuramoto,2.974307,2.0,0
5.73,1,kuramoto,3.097263,2.0,0
5.74,1,kuramoto,3.220219,2.0,0
5.75,1,kuramoto,3.343174,2.0,0
5.76,1,kuramoto,3.46613,2.0,0
5.77,1,kuramoto,3.589086,2.0,0
5.78,1,kuramoto,3.712041,2.0,0
5.79,1,kuramoto,3.834997,2.0,0
5.8,1,kuramoto,3.957953,2.0,0
5.81,1,kuramoto,4.080908,2.0,0
5.82,1,kuramoto,4.203864,2.0,0
5.83,1,kuramoto,4.32682,2.0,0
5.84,1,kuramoto,4.449775,2.0,0
5.85,1,kuramoto,4.572731,2.0,0
5.86,1,kuramoto,4.695687,2.0,0
5.87,1,kuramoto,4.818642,2.0,0
5.88,1,kuramoto,4.941598,2.0,0
5.89,1,kuramoto,5.064554,2.0,0
5.9,1,kuramoto,5.187509,2.0,0
5.91,1,kuramoto,5.310465,2.0,0
5.92,1,kuramoto,5.433421,2.0,0
5.93,1,kuramoto,5.556376,2.0,0
5.94,1,kuramoto,5.679332,2.0,0
5.95,1,kuramoto,5.802288,2.0,0
5.96,1,kuramoto,5.925243,2.0,0
5.97,1,kuramoto,6.048199,2.0,0
5.98,1,kuramoto,6.171155,2.0,0
5.99,1,kuramoto,0.010925,2.0,1
6.0,1,kuramoto,0.133881,2.0,0
6.01,1,kuramoto,0.256836,2.0,0
6.02,1,kuramoto,0.379792,2.0,0
6.03,1,kuramoto,0.502748,2.0,0
6.04,1,kuramoto,0.625703,2.0,0
6.05,1,kuramoto,0.748659,2.0,0
6.06,1,kuramoto,0.871615,2.0,0
6.07,1,kuramoto,0.99457,2.0,0
6.08,1,kuramoto,1.117526,2.0,0
6.09,1,kuramoto,1.240482,2.0,0
6.1,1,kuramoto,1.363437,2.0,0
6.11,1,kuramoto,1.486393,2.0,0
6.12,1,kuramoto,1.609349,2.0,0
6.13,1,kuramoto,1.732304,2.0,0
6.14,1,kuramoto,1.85526,2.0,0
6.15,1,kuramoto,1.978216,2.0,0
6.16,1,kuramoto,2.101171,2.0,0
6.17,1,kuramoto,2.224127,2.0,0
6.18,1,kuramoto,2.347083,2.0,0
6.19,1,kuramoto,2.470038,2.0,0
6.2,1,kuramoto,2.592994,2.0,0
6.21,1,kuramoto,2.71595,2.0,0
6.22,1,kuramoto,2.838905,2.0,0
6.23,1,kuramoto,2.961861,2.0,0
6.24,1,kuramoto,3.084817,2.0,0
6.25,1,kuramoto,3.207772,2.0,0
6.26,1,kuramoto,3.330728,2.0,0
6.27,1,kuramoto,3.453684,2.0,0
6.28,1,kuramoto,3.576639,2.0,0
6.29,1,kuramoto,3.699595,2.0,0
6.3,1,kuramoto,3.822551,2.0,0
6.31,1,kuramoto,3.945506,2.0,0
6.32,1,kuramoto,4.068462,2.0,0
6.33,1,kuramoto,4.191418,2.0,0
6.34,1,kuramoto,4.314373,2.0,0
6.35,1,kuramoto,4.437329,2.0,0
6.36,1,kuramoto,4.560285,2.0,0
6.37,1,kuramoto,4.68324,2.0,0
6.38,1,kuramoto,4.806196,2.0,0
6.39,1,kuramoto,4.929152,2.0,0
6.4,1,kuramoto,5.052107,2.0,0
6.41,1,kuramoto,5.175063,2.0,0
6.42,1,kuramoto,5.298019,2.0,0
6.43,1,kuramoto,5.420974,2.0,0
6.44,1,kuramoto,5.54393,2.0,0
6.45,1,kuramoto,5.666886,2.0,0
6.46,1,kuramoto,5.789841,2.0,0
6.47,1,kuramoto,5.912797,2.0,0
6.48,1,kuramoto,6.035753,2.0,0
6.49,1,kuramoto,6.158708,2.0,0
6.5,1,kuramoto,6.281664,2.0,0
6.51,1,kuramoto,0.121434,2.0,1
6.52,1,kuramoto,0.24439,2.0,0
6.53,1,kuramoto,0.367346,2.0,0
6.54,1,kuramoto,0.490301,2.0,0
6.55,1,kuramoto,0.613257,2.0,0
6.56,1,kuramoto,0.736213,2.0,0
6.57,1,kuramoto,0.859169,2.0,0
6.58,1,kuramoto,0.982124,2.0,0
6.59,1,kuramoto,1.10508,2.0,0
6.6,1,kuramoto,1.228036,2.0,0
6.61,1,kuramoto,1.350991,2.0,0
6.62,1,kuramoto,1.473947,2.0,0
6.63,1,kuramoto,1.596903,2.0,0
6.64,1,kuramoto,1.719858,2.0,0
6.65,1,kuramoto,1.842814,2.0,0
6.66,1,kuramoto,1.96577,2.0,0
6.67,1,kuramoto,2.088725,2.0,0
6.68,1,kuramoto,2.211681,2.0,0
6.69,1,kuramoto,2.334637,2.0,0
6.7,1,kuramoto,2.457592,2.0,0
6.71,1,kuramoto,2.580548,2.0,0
6.72,1,kuramoto,2.703504,2.0,0
6.73,1,kuramoto,2.826459,2.0,0
6.74,1,kuramoto,2.949415,2.0,0
6.75,1,kuramoto,3.072371,2.0,0
6.76,1,kuramoto,3.195326,2.0,0
6.77,1,kuramoto,3.318282,2.0,0
6.78,1,kuramoto,3.441238,2.0,0
6.79,1,kuramoto,3.564193,2.0,0
6.8,1,kuramoto,3.687149,2.0,0
6.81,1,kuramoto,3.810105,2.0,0
6.82,1,kuramoto,3.93306,2.0,0
6.83,1,kuramoto,4.056016,2.0,0
6.84,1,kuramoto,4.178972,2.0,0
6.85,1,kuramoto,4.301927,2.0,0
6.86,1,kuramoto,4.424883,2.0,0
6.87,1,kuramoto,4.547839,2.0,0
6.88,1,kuramoto,4.670794,2.0,0
6.89,1,kuramoto,4.79375,2.0,0
6.9,1,kuramoto,4.916706,2.0,0
6.91,1,kuramoto,5.039661,2.0,0
6.92,1,kuramoto,5.162617,2.0,0
6.93,1,kuramoto,5.285573,2.0,0
6.94,1,kuramoto,5.408528,2.0,0
6.95,1,kuramoto,5.531484,2.0,0
6.96,1,kuramoto,5.65444,2.0,0
6.97,1,kuramoto,5.777395,2.0,0
6.98,1,kuramoto,5.900351,2.0,0
6.99,1,kuramoto,6.023307,2.0,0
7.0,1,kuramoto,6.146262,2.0,0
7.01,1,kuramoto,6.269218,2.0,0
7.02,1,kuramoto,0.108988,2.0,1
7.03,1,kuramoto,0.231944,2.0,0
7.04,1,kuramoto,0.3549,2.0,0
7.05,1,kuramoto,0.477855,2.0,0
7.06,1,kuramoto,0.600811,2.0,0
7.07,1,kuramoto,0.723767,2.0,0
7.08,1,kuramoto,0.846722,2.0,0
7.09,1,kuramoto,0.969678,2.0,0
7.1,1,kuramoto,1.092634,2.0,0
7.11,1,kuramoto,1.215589,2.0,0
7.12,1,kuramoto,1.338545,2.0,0
7.13,1,kuramoto,1.461501,2.0,0
7.14,1,kuramoto,1.584456,2.0,0
7.15,1,kuramoto,1.707412,2.0,0
7.16,1,kuramoto,1.830368,2.0,0
7.17,1,kuramoto,1.953323,2.0,0
7.18,1,kuramoto,2.076279,2.0,0
7.19,1,kuramoto,2.199235,2.0,0
7.2,1,kuramoto,2.32219,2.0,0
7.21,1,kuramoto,2.445146,2.0,0
7.22,1,kuramoto,2.568102,2.0,0
7.23,1,kuramoto,2.691057,2.0,0
7.24,1,kuramoto,2.814013,2.0,0
7.25,1,kuramoto,2.936969,2.0,0
7.26,1,kuramoto,3.059924,2.0,0
7.27,1,kuramoto,3.18288,2.0,0
7.28,1,kuramoto,3.305836,2.0,0
7.29,1,kuramoto,3.428791,2.0,0
7.3,1,kuramoto,3.551747,2.0,0
7.31,1,kuramoto,3.674703,2.0,0
7.32,1,kuramoto,3.797658,2.0,0
7.33,1,kuramoto,3.920614,2.0,0
7.34,1,kuramoto,4.04357,2.0,0
7.35,1,kuramoto,4.166525,2.0,0
7.36,1,kuramoto,4.289481,2.0,0
7.37,1,kuramoto,4.412437,2.0,0
7.38,1,kuramoto,4.535392,2.0,0
7.39,1,kuramoto,4.658348,2.0,0
7.4,1,kuramoto,4.781304,2.0,0
7.41,1,kuramoto,4.904259,2.0,0
7.42,1,kuramoto,5.027215,2.0,0
7.43,1,kuramoto,5.150171,2.0,0
7.44,1,kuramoto,5.273126,2.0,0
7.45,1,kuramoto,5.396082,2.0,0
7.46,1,kuramoto,5.519038,2.0,0
7.47,1,kuramoto,5.641993,2.0,0
7.48,1,kuramoto,5.764949,2.0,0
7.49,1,kuramoto,5.887905,2.0,0
7.5,1,kuramoto,6.01086,2.0,0
7.51,1,kuramoto,6.133816,2.0,0
7.52,1,kuramoto,6.256772,2.0,0
7.53,1,kuramoto,0.096542,2.0,1
7.54,1,kuramoto,0.219498,2.0,0
7.55,1,kuramoto,0.342453,2.0,0
7.56,1,kuramoto,0.465409,2.0,0
7.57,1,kuramoto,0.588365,2.0,0
7.58,1,kuramoto,0.71132,2.0,0
7.59,1,kuramoto,0.834276,2.0,0
7.6,1,kuramoto,0.957232,2.0,0
7.61,1,kuramoto,1.080188,2.0,0
7.62,1,kuramoto,1.203143,2.0,0
7.63,1,kuramoto,1.326099,2.0,0
7.64,1,kuramoto,1.449055,2.0,0
7.65,1,kuramoto,1.57201,2.0,0
7.66,1,kuramoto,1.694966,2.0,0
7.67,1,kuramoto,1.817922,2.0,0
7.68,1,kuramoto,1.940877,2.0,0
7.69,1,kuramoto,2.063833,2.0,0
7.7,1,kuramoto,2.186789,2.0,0
7.71,1,kuramoto,2.309744,2.0,0
7.72,1,kuramoto,2.4327,2.0,0
7.73,1,kuramoto,2.555656,2.0,0
7.74,1,kuramoto,2.678611,2.0,0
7.75,1,kuramoto,2.801567,2.0,0
7.76,1,kuramoto,2.924523,2.0,0
7.77,1,kuramoto,3.047478,2.0,0
7.78,1,kuramoto,3.170434,2.0,0
7.79,1,kuramoto,3.29339,2.0,0
7.8,1,kuramoto,3.416345,2.0,0
7.81,1,kuramoto,3.539301,2.0,0
7.82,1,kuramoto,3.662257,2.0,0
7.83,1,kuramoto,3.785212,2.0,0
7.84,1,kuramoto,3.908168,2.0,0
7.85,1,kuramoto,4.031124,2.0,0
7.86,1,kuramoto,4.154079,2.0,0
7.87,1,kuramoto,4.277035,2.0,0
7.88,1,kuramoto,4.399991,2.0,0
7.89,1,kuramoto,4.522946,2.0,0
7.9,1,kuramoto,4.645902,2.0,0
7.91,1,kuramoto,4.768858,2.0,0
7.92,1,kuramoto,4.891813,2.0,0
7.93,1,kuramoto,5.014769,2.0,0
7.94,1,kuramoto,5.137725,2.0,0
7.95,1,kuramoto,5.26068,2.0,0
7.96,1,kuramoto,5.383636,2.0,0
7.97,1,kuramoto,5.506592,2.0,0
7.98,1,kuramoto,5.629547,2.0,0
7.99,1,kuramoto,5.752503,2.0,0
8.0,1,kuramoto,5.875459,2.0,0
8.01,1,kuramoto,5.998414,2.0,0
8.02,1,kuramoto,6.12137,2.0,0
8.03,1,kuramoto,6.244326,2.0,0
8.04,1,kuramoto,0.084096,2.0,1
8.05,1,kuramoto,0.207052,2.0,0
8.06,1,kuramoto,0.330007,2.0,0
8.07,1,kuramoto,0.452963,2.0,0
8.08,1,kuramoto,0.575919,2.0,0
8.09,1,kuramoto,0.698874,2.0,0
8.1,1,kuramoto,0.82183,2.0,0
8.11,1,kuramoto,0.944786,2.0,0
8.12,1,kuramoto,1.067741,2.0,0
8.13,1,kuramoto,1.190697,2.0,0
8.14,1,kuramoto,1.313653,2.0,0
8.15,1,kuramoto,1.436608,2.0,0
8.16,1,kuramoto,1.559564,2.0,0
8.17,1,kuramoto,1.68252,2.0,0
8.18,1,kuramoto,1.805475,2.0,0
8.19,1,kuramoto,1.928431,2.0,0
8.2,1,kuramoto,2.051387,2.0,0
8.21,1,kuramoto,2.174342,2.0,0
8.22,1,kuramoto,2.297298,2.0,0
8.23,1,kuramoto,2.420254,2.0,0
8.24,1,kuramoto,2.543209,2.0,0
8.25,1,kuramoto,2.666165,2.0,0
8.26,1,kuramoto,2.789121,2.0,0
8.27,1,kuramoto,2.912076,2.0,0
8.28,1,kuramoto,3.035032,2.0,0
8.29,1,kuramoto,3.157988,2.0,0
8.3,1,kuramoto,3.280943,2.0,0
8.31,1,kuramoto,3.403899,2.0,0
8.32,1,kuramoto,3.526855,2.0,0
8.33,1,kuramoto,3.64981,2.0,0
8.34,1,kuramoto,3.772766,2.0,0
8.35,1,kuramoto,3.895722,2.0,0
8.36,1,kuramoto,4.018677,2.0,0
8.37,1,kuramoto,4.141633,2.0,0
8.38,1,kuramoto,4.264589,2.0,0
8.39,1,kuramoto,4.387544,2.0,0
8.4,1,kuramoto,4.5105,2.0,0
8.41,1,kuramoto,4.633456,2.0,0
8.42,1,kuramoto,4.756411,2.0,0
8.43,1,kuramoto,4.879367,2.0,0
8.44,1,kuramoto,5.002323,2.0,0
8.45,1,kuramoto,5.125278,2.0,0
8.46,1,kuramoto,5.248234,2.0,0
8.47,1,kuramoto,5.37119,2.0,0
8.48,1,kuramoto,5.494145,2.0,0
8.49,1,kuramoto,5.617101,2.0,0
8.5,1,kuramoto,5.740057,2.0,0
8.51,1,kuramoto,5.863012,2.0,0
8.52,1,kuramoto,5.985968,2.0,0
8.53,1,kuramoto,6.108924,2.0,0
8.54,1,kuramoto,6.231879,2.0,0
8.55,1,kuramoto,0.07165,2.0,1
8.56,1,kuramoto,0.194605,2.0,0
8.57,1,kuramoto,0.317561,2.0,0
8.58,1,kuramoto,0.440517,2.0,0
8.59,1,kuramoto,0.563472,2.0,0
8.6,1,kuramoto,0.686428,2.0,0
8.61,1,kuramoto,0.809384,2.0,0
8.62,1,kuramoto,0.932339,2.0,0
8.63,1,kuramoto,1.055295,2.0,0
8.64,1,kuramoto,1.178251,2.0,0
8.65,1,kuramoto,1.301206,2.0,0
8.66,1,kuramoto,1.424162,2.0,0
8.67,1,kuramoto,1.547118,2.0,0
8.68,1,kuramoto,1.670074,2.0,0
8.69,1,kuramoto,1.793029,2.0,0
8.7,1,kuramoto,1.915985,2.0,0
8.71,1,kuramoto,2.038941,2.0,0
8.72,1,kuramoto,2.161896,2.0,0
8.73,1,kuramoto,2.284852,2.0,0
8.74,1,kuramoto,2.407808,2.0,0
8.75,1,kuramoto,2.530763,2.0,0
8.76,1,kuramoto,2.653719,2.0,0
8.77,1,kuramoto,2.776675,2.0,0
8.78,1,kuramoto,2.89963,2.0,0
8.79,1,kuramoto,3.022586,2.0,0
8.8,1,kuramoto,3.145542,2.0,0
8.81,1,kuramoto,3.268497,2.0,0
8.82,1,kuramoto,3.391453,2.0,0
8.83,1,kuramoto,3.514409,2.0,0
8.84,1,kuramoto,3.637364,2.0,0
8.85,1,kuramoto,3.76032,2.0,0
8.86,1,kuramoto,3.883276,2.0,0
8.87,1,kuramoto,4.006231,2.0,0
8.88,1,kuramoto,4.129187,2.0,0
8.89,1,kuramoto,4.252143,2.0,0
8.9,1,kuramoto,4.375098,2.0,0
8.91,1,kuramoto,4.498054,2.0,0
8.92,1,kuramoto,4.62101,2.0,0
8.93,1,kuramoto,4.743965,2.0,0
8.94,1,kuramoto,4.866921,2.0,0
8.95,1,kuramoto,4.989877,2.0,0
8.96,1,kuramoto,5.112832,2.0,0
8.97,1,kuramoto,5.235788,2.0,0
8.98,1,kuramoto,5.358744,2.0,0
8.99,1,kuramoto,5.481699,2.0,0
9.0,1,kuramoto,5.604655,2.0,0
9.01,1,kuramoto,5.727611,2.0,0
9.02,1,kuramoto,5.850566,2.0,0
9.03,1,kuramoto,5.973522,2.0,0
9.04,1,kuramoto,6.096478,2.0,0
9.05,1,kuramoto,6.219433,2.0,0
9.06,1,kuramoto,0.059204,2.0,1
9.07,1,kuramoto,0.182159,2.0,0
9.08,1,kuramoto,0.305115,2.0,0
9.09,1,kuramoto,0.428071,2.0,0
9.1,1,kuramoto,0.551026,2.0,0
9.11,1,kuramoto,0.673982,2.0,0
9.12,1,kuramoto,0.796938,2.0,0
9.13,1,kuramoto,0.919893,2.0,0
9.14,1,kuramoto,1.042849,2.0,0
9.15,1,kuramoto,1.165805,2.0,0
9.16,1,kuramoto,1.28876,2.0,0
9.17,1,kuramoto,1.411716,2.0,0
9.18,1,kuramoto,1.534672,2.0,0
9.19,1,kuramoto,1.657627,2.0,0
9.2,1,kuramoto,1.780583,2.0,0
9.21,1,kuramoto,1.903539,2.0,0
9.22,1,kuramoto,2.026494,2.0,0
9.23,1,kuramoto,2.14945,2.0,0
9.24,1,kuramoto,2.272406,2.0,0
9.25,1,kuramoto,2.395361,2.0,0
9.26,1,kuramoto,2.518317,2.0,0
9.27,1,kuramoto,2.641273,2.0,0
9.28,1,kuramoto,2.764228,2.0,0
9.29,1,kuramoto,2.887184,2.0,0
9.3,1,kuramoto,3.01014,2.0,0
9.31,1,kuramoto,3.133095,2.0,0
9.32,1,kuramoto,3.256051,2.0,0
9.33,1,kuramoto,3.379007,2.0,0
9.34,1,kuramoto,3.501962,2.0,0
9.35,1,kuramoto,3.624918,2.0,0
9.36,1,kuramoto,3.747874,2.0,0
9.37,1,kuramoto,3.870829,2.0,0
9.38,1,kuramoto,3.993785,2.0,0
9.39,1,kuramoto,4.116741,2.0,0
9.4,1,kuramoto,4.239696,2.0,0
9.41,1,kuramoto,4.362652,2.0,0
9.42,1,kuramoto,4.485608,2.0,0
9.43,1,kuramoto,4.608563,2.0,0
9.44,1,kuramoto,4.731519,2.0,0
9.45,1,kuramoto,4.854475,2.0,0
9.46,1,kuramoto,4.97743,2.0,0
9.47,1,kuramoto,5.100386,2.0,0
9.48,1,kuramoto,5.223342,2.0,0
9.49,1,kuramoto,5.346297,2.0,0
9.5,1,kuramoto,5.469253,2.0,0
9.51,1,kuramoto,5.592209,2.0,0
9.52,1,kuramoto,5.715164,2.0,0
9.53,1,kuramoto,5.83812,2.0,0
9.54,1,kuramoto,5.961076,2.0,0
9.55,1,kuramoto,6.084031,2.0,0
9.56,1,kuramoto,6.206987,2.0,0
9.57,1,kuramoto,0.046757,2.0,1
9.58,1,kuramoto,0.169713,2.0,0
9.59,1,kuramoto,0.292669,2.0,0
9.6,1,kuramoto,0.415624,2.0,0
9.61,1,kuramoto,0.53858,2.0,0
9.62,1,kuramoto,0.661536,2.0,0
9.63,1,kuramoto,0.784491,2.0,0
9.64,1,kuramoto,0.907447,2.0,0
9.65,1,kuramoto,1.030403,2.0,0
9.66,1,kuramoto,1.153358,2.0,0
9.67,1,kuramoto,1.276314,2.0,0
9.68,1,kuramoto,1.39927,2.0,0
9.69,1,kuramoto,1.522225,2.0,0
9.7,1,kuramoto,1.645181,2.0,0
9.71,1,kuramoto,1.768137,2.0,0
9.72,1,kuramoto,1.891092,2.0,0
9.73,1,kuramoto,2.014048,2.0,0
9.74,1,kuramoto,2.137004,2.0,0
9.75,1,kuramoto,2.25996,2.0,0
9.76,1,kuramoto,2.382915,2.0,0
9.77,1,kuramoto,2.505871,2.0,0
9.78,1,kuramoto,2.628827,2.0,0
9.79,1,kuramoto,2.751782,2.0,0
9.8,1,kuramoto,2.874738,2.0,0
9.81,1,kuramoto,2.997694,2.0,0
9.82,1,kuramoto,3.120649,2.0,0
9.83,1,kuramoto,3.243605,2.0,0
9.84,1,kuramoto,3.366561,2.0,0
9.85,1,kuramoto,3.489516,2.0,0
9.86,1,kuramoto,3.612472,2.0,0
9.87,1,kuramoto,3.735428,2.0,0
9.88,1,kuramoto,3.858383,2.0,0
9.89,1,kuramoto,3.981339,2.0,0
9.9,1,kuramoto,4.104295,2.0,0
9.91,1,kuramoto,4.22725,2.0,0
9.92,1,kuramoto,4.350206,2.0,0
9.93,1,kuramoto,4.473162,2.0,0
9.94,1,kuramoto,4.596117,2.0,0
9.95,1,kuramoto,4.719073,2.0,0
9.96,1,kuramoto,4.842029,2.0,0
9.97,1,kuramoto,4.964984,2.0,0
9.98,1,kuramoto,5.08794,2.0,0
9.99,1,kuramoto,5.210896,2.0,0
10.0,1,kuramoto,5.333851,2.0,0
0.0,2,kuramoto,5.967301,2.3,0
0.01,2,kuramoto,6.112796,2.3,0
0.02,2,kuramoto,6.259594,2.3,0
0.03,2,kuramoto,0.124581,2.3,1
0.04,2,kuramoto,0.274202,2.3,0
0.05,2,kuramoto,0.425342,2.3,0
0.06,2,kuramoto,0.578071,2.3,0
0.07,2,kuramoto,0.732453,2.3,0
0.08,2,kuramoto,0.888549,2.3,0
0.09,2,kuramoto,1.046411,2.3,0
0.1,2,kuramoto,1.206083,2.3,0
0.11,2,kuramoto,1.367595,2.3,0
0.12,2,kuramoto,1.530965,2.3,0
0.13,2,kuramoto,1.696192,2.3,0
0.14,2,kuramoto,1.863257,2.3,0
0.15,2,kuramoto,2.032118,2.3,0
0.16,2,kuramoto,2.202708,2.3,0
0.17,2,kuramoto,2.374936,2.3,0
0.18,2,kuramoto,2.54868,2.3,0
0.19,2,kuramoto,2.723796,2.3,0
0.2,2,kuramoto,2.900108,2.3,0
0.21,2,kuramoto,3.07742,2.3,0
0.22,2,kuramoto,3.255514,2.3,0
0.23,2,kuramoto,3.434154,2.3,0
0.24,2,kuramoto,3.613094,2.3,0
0.25,2,kuramoto,3.792083,2.3,0
0.26,2,kuramoto,3.970869,2.3,0
0.27,2,kuramoto,4.149209,2.3,0
0.28,2,kuramoto,4.32687,2.3,0
0.29,2,kuramoto,4.50364,2.3,0
0.3,2,kuramoto,4.679326,2.3,0
0.31,2,kuramoto,4.853759,2.3,0
0.32,2,kuramoto,5.026797,2.3,0
0.33,2,kuramoto,5.198324,2.3,0
0.34,2,kuramoto,5.36825,2.3,0
0.35,2,kuramoto,5.53651,2.3,0
0.36,2,kuramoto,5.703061,2.3,0
0.37,2,kuramoto,5.867882,2.3,0
0.38,2,kuramoto,6.030968,2.3,0
0.39,2,kuramoto,6.192332,2.3,0
0.4,2,kuramoto,0.068813,2.3,1
0.41,2,kuramoto,0.226817,2.3,0
0.42,2,kuramoto,0.383203,2.3,0
0.43,2,kuramoto,0.53802,2.3,0
0.44,2,kuramoto,0.691323,2.3,0
0.45,2,kuramoto,0.843171,2.3,0
0.46,2,kuramoto,0.993623,2.3,0
0.47,2,kuramoto,1.142741,2.3,0
0.48,2,kuramoto,1.290584,2.3,0
0.49,2,kuramoto,1.437214,2.3,0
0.5,2,kuramoto,1.582689,2.3,0
0.51,2,kuramoto,1.727068,2.3,0
0.52,2,kuramoto,1.870405,2.3,0
0.53,2,kuramoto,2.012755,2.3,0
0.54,2,kuramoto,2.154168,2.3,0
0.55,2,kuramoto,2.294695,2.3,0
0.56,2,kuramoto,2.434382,2.3,0
0.57,2,kuramoto,2.573273,2.3,0
0.58,2,kuramoto,2.711411,2.3,0
0.59,2,kuramoto,2.848836,2.3,0
0.6,2,kuramoto,2.985586,2.3,0
0.61,2,kuramoto,3.121697,2.3,0
0.62,2,kuramoto,3.257202,2.3,0
0.63,2,kuramoto,3.392134,2.3,0
0.64,2,kuramoto,3.526522,2.3,0
0.65,2,kuramoto,3.660396,2.3,0
0.66,2,kuramoto,3.793782,2.3,0
0.67,2,kuramoto,3.926704,2.3,0
0.68,2,kuramoto,4.059188,2.3,0
0.69,2,kuramoto,4.191255,2.3,0
0.7,2,kuramoto,4.322927,2.3,0
0.71,2,kuramoto,4.454223,2.3,0
0.72,2,kuramoto,4.585163,2.3,0
0.73,2,kuramoto,4.715763,2.3,0
0.74,2,kuramoto,4.846042,2.3,0
0.75,2,kuramoto,4.976013,2.3,0
0.76,2,kuramoto,5.105694,2.3,0
0.77,2,kuramoto,5.235096,2.3,0
0.78,2,kuramoto,5.364235,2.3,0
0.79,2,kuramoto,5.493122,2.3,0
0.8,2,kuramoto,5.621769,2.3,0
0.81,2,kuramoto,5.750187,2.3,0
0.82,2,kuramoto,5.878388,2.3,0
0.83,2,kuramoto,6.006381,2.3,0
0.84,2,kuramoto,6.134175,2.3,0
0.85,2,kuramoto,6.26178,2.3,0
0.86,2,kuramoto,0.106019,2.3,1
0.87,2,kuramoto,0.23327,2.3,0
0.88,2,kuramoto,0.360356,2.3,0
0.89,2,kuramoto,0.487285,2.3,0
0.9,2,kuramoto,0.614062,2.3,0
0.91,2,kuramoto,0.740695,2.3,0
0.92,2,kuramoto,0.86719,2.3,0
0.93,2,kuramoto,0.993553,2.3,0
0.94,2,kuramoto,1.11979,2.3,0
0.95,2,kuramoto,1.245905,2.3,0
0.96,2,kuramoto,1.371904,2.3,0
0.97,2,kuramoto,1.497792,2.3,0
0.98,2,kuramoto,1.623573,2.3,0
0.99,2,kuramoto,1.749252,2.3,0
1.0,2,kuramoto,1.874833,2.3,0
1.01,2,kuramoto,2.000319,2.3,0
1.02,2,kuramoto,2.125716,2.3,0
1.03,2,kuramoto,2.251026,2.3,0
1.04,2,kuramoto,2.376252,2.3,0
1.05,2,kuramoto,2.501399,2.3,0
1.06,2,kuramoto,2.626469,2.3,0
1.07,2,kuramoto,2.751465,2.3,0
1.08,2,kuramoto,2.876391,2.3,0
1.09,2,kuramoto,3.001248,2.3,0
1.1,2,kuramoto,3.12604,2.3,0
1.11,2,kuramoto,3.250769,2.3,0
1.12,2,kuramoto,3.375437,2.3,0
1.13,2,kuramoto,3.500048,2.3,0
1.14,2,kuramoto,3.624602,2.3,0
1.15,2,kuramoto,3.749102,2.3,0
1.16,2,kuramoto,3.87355,2.3,0
1.17,2,kuramoto,3.997948,2.3,0
1.18,2,kuramoto,4.122298,2.3,0
1.19,2,kuramoto,4.246602,2.3,0
1.2,2,kuramoto,4.37086,2.3,0
1.21,2,kuramoto,4.495076,2.3,0
1.22,2,kuramoto,4.619251,2.3,0
1.23,2,kuramoto,4.743385,2.3,0
1.24,2,kuramoto,4.867481,2.3,0
1.25,2,kuramoto,4.99154,2.3,0
1.26,2,kuramoto,5.115562,2.3,0
1.27,2,kuramoto,5.239551,2.3,0
1.28,2,kuramoto,5.363506,2.3,0
1.29,2,kuramoto,5.487428,2.3,0
1.3,2,kuramoto,5.61132,2.3,0
1.31,2,kuramoto,5.735182,2.3,0
1.32,2,kuramoto,5.859014,2.3,0
1.33,2,kuramoto,5.982819,2.3,0
1.34,2,kuramoto,6.106597,2.3,0
1.35,2,kuramoto,6.230349,2.3,0
1.36,2,kuramoto,0.07089,2.3,1
1.37,2,kuramoto,0.194593,2.3,0
1.38,2,kuramoto,0.318272,2.3,0
1.39,2,kuramoto,0.441928,2.3,0
1.4,2,kuramoto,0.565562,2.3,0
1.41,2,kuramoto,0.689176,2.3,0
1.42,2,kuramoto,0.812768,2.3,0
1.43,2,kuramoto,0.936341,2.3,0
1.44,2,kuramoto,1.059895,2.3,0
1.45,2,kuramoto,1.183431,2.3,0
1.46,2,kuramoto,1.306948,2.3,0
1.47,2,kuramoto,1.430448,2.3,0
1.48,2,kuramoto,1.553932,2.3,0
1.49,2,kuramoto,1.677399,2.3,0
1.5,2,kuramoto,1.800851,2.3,0
1.51,2,kuramoto,1.924288,2.3,0
1.52,2,kuramoto,2.047709,2.3,0
1.53,2,kuramoto,2.171117,2.3,0
1.54,2,kuramoto,2.294511,2.3,0
1.55,2,kuramoto,2.417892,2.3,0
1.56,2,kuramoto,2.54126,2.3,0
1.57,2,kuramoto,2.664616,2.3,0
1.58,2,kuramoto,2.787959,2.3,0
1.59,2,kuramoto,2.911291,2.3,0
1.6,2,kuramoto,3.034612,2.3,0
1.61,2,kuramoto,3.157921,2.3,0
1.62,2,kuramoto,3.28122,2.3,0
1.63,2,kuramoto,3.404509,2.3,0
1.64,2,kuramoto,3.527788,2.3,0
1.65,2,kuramoto,3.651057,2.3,0
1.66,2,kuramoto,3.774317,2.3,0
1.67,2,kuramoto,3.897568,2.3,0
1.68,2,kuramoto,4.02081,2.3,0
1.69,2,kuramoto,4.144044,2.3,0
1.7,2,kuramoto,4.267269,2.3,0
1.71,2,kuramoto,4.390487,2.3,0
1.72,2,kuramoto,4.513697,2.3,0
1.73,2,kuramoto,4.636899,2.3,0
1.74,2,kuramoto,4.760094,2.3,0
1.75,2,kuramoto,4.883282,2.3,0
1.76,2,kuramoto,5.006464,2.3,0
1.77,2,kuramoto,5.129638,2.3,0
1.78,2,kuramoto,5.252807,2.3,0
1.79,2,kuramoto,5.375969,2.3,0
1.8,2,kuramoto,5.499125,2.3,0
1.81,2,kuramoto,5.622275,2.3,0
1.82,2,kuramoto,5.74542,2.3,0
1.83,2,kuramoto,5.868559,2.3,0
1.84,2,kuramoto,5.991693,2.3,0
1.85,2,kuramoto,6.114821,2.3,0
1.86,2,kuramoto,6.237945,2.3,0
1.87,2,kuramoto,0.077879,2.3,1
1.88,2,kuramoto,0.200993,2.3,0
1.89,2,kuramoto,0.324102,2.3,0
1.9,2,kuramoto,0.447207,2.3,0
1.91,2,kuramoto,0.570308,2.3,0
1.92,2,kuramoto,0.693405,2.3,0
1.93,2,kuramoto,0.816497,2.3,0
1.94,2,kuramoto,0.939586,2.3,0
1.95,2,kuramoto,1.06267,2.3,0
1.96,2,kuramoto,1.185752,2.3,0
1.97,2,kuramoto,1.308829,2.3,0
1.98,2,kuramoto,1.431903,2.3,0
1.99,2,kuramoto,1.554974,2.3,0
2.0,2,kuramoto,1.678041,2.3,0
2.01,2,kuramoto,1.801105,2.3,0
2.02,2,kuramoto,1.924166,2.3,0
2.03,2,kuramoto,2.047224,2.3,0
2.04,2,kuramoto,2.17028,2.3,0
2.05,2,kuramoto,2.293332,2.3,0
2.06,2,kuramoto,2.416382,2.3,0
2.07,2,kuramoto,2.539428,2.3,0
2.08,2,kuramoto,2.662473,2.3,0
2.09,2,kuramoto,2.785515,2.3,0
2.1,2,kuramoto,2.908554,2.3,0
2.11,2,kuramoto,3.031591,2.3,0
2.12,2,kuramoto,3.154626,2.3,0
2.13,2,kuramoto,3.277658,2.3,0
2.14,2,kuramoto,3.400688,2.3,0
2.15,2,kuramoto,3.523717,2.3,0
2.16,2,kuramoto,3.646743,2.3,0
2.17,2,kuramoto,3.769767,2.3,0
2.18,2,kuramoto,3.892789,2.3,0
2.19,2,kuramoto,4.01581,2.3,0
2.2,2,kuramoto,4.138828,2.3,0
2.21,2,kuramoto,4.261845,2.3,0
2.22,2,kuramoto,4.38486,2.3,0
2.23,2,kuramoto,4.507873,2.3,0
2.24,2,kuramoto,4.630885,2.3,0
2.25,2,kuramoto,4.753895,2.3,0
2.26,2,kuramoto,4.876904,2.3,0
2.27,2,kuramoto,4.999911,2.3,0
2.28,2,kuramoto,5.122917,2.3,0
2.29,2,kuramoto,5.245921,2.3,0
2.3,2,kuramoto,5.368924,2.3,0
2.31,2,kuramoto,5.491926,2.3,0
2.32,2,kuramoto,5.614926,2.3,0
2.33,2,kuramoto,5.737925,2.3,0
2.34,2,kuramoto,5.860923,2.3,0
2.35,2,kuramoto,5.98392,2.3,0
2.36,2,kuramoto,6.106915,2.3,0
2.37,2,kuramoto,6.22991,2.3,0
2.38,2,kuramoto,0.069718,2.3,1
2.39,2,kuramoto,0.19271,2.3,0
2.4,2,kuramoto,0.315701,2.3,0
2.41,2,kuramoto,0.438692,2.3,0
2.42,2,kuramoto,0.561681,2.3,0
2.43,2,kuramoto,0.684669,2.3,0
2.44,2,kuramoto,0.807657,2.3,0
2.45,2,kuramoto,0.930643,2.3,0
2.46,2,kuramoto,1.053629,2.3,0
2.47,2,kuramoto,1.176614,2.3,0
2.48,2,kuramoto,1.299598,2.3,0
2.49,2,kuramoto,1.422581,2.3,0
2.5,2,kuramoto,1.545564,2.3,0
2.51,2,kuramoto,1.668546,2.3,0
2.52,2,kuramoto,1.791527,2.3,0
2.53,2,kuramoto,1.914507,2.3,0
2.54,2,kuramoto,2.037487,2.3,0
2.55,2,kuramoto,2.160466,2.3,0
2.56,2,kuramoto,2.283444,2.3,0
2.57,2,kuramoto,2.406422,2.3,0
2.58,2,kuramoto,2.529399,2.3,0
2.59,2,kuramoto,2.652376,2.3,0
2.6,2,kuramoto,2.775351,2.3,0
2.61,2,kuramoto,2.898327,2.3,0
2.62,2,kuramoto,3.021302,2.3,0
2.63,2,kuramoto,3.144276,2.3,0
2.64,2,kuramoto,3.26725,2.3,0
2.65,2,kuramoto,3.390223,2.3,0
2.66,2,kuramoto,3.513196,2.3,0
2.67,2,kuramoto,3.636168,2.3,0
2.68,2,kuramoto,3.75914,2.3,0
2.69,2,kuramoto,3.882111,2.3,0
2.7,2,kuramoto,4.005082,2.3,0
2.71,2,kuramoto,4.128053,2.3,0
2.72,2,kuramoto,4.251023,2.3,0
2.73,2,kuramoto,4.373993,2.3,0
2.74,2,kuramoto,4.496962,2.3,0
2.75,2,kuramoto,4.619931,2.3,0
2.76,2,kuramoto,4.7429,2.3,0
2.77,2,kuramoto,4.865868,2.3,0
2.78,2,kuramoto,4.988836,2.3,0
2.79,2,kuramoto,5.111804,2.3,0
2.8,2,kuramoto,5.234771,2.3,0
2.81,2,kuramoto,5.357738,2.3,0
2.82,2,kuramoto,5.480704,2.3,0
2.83,2,kuramoto,5.603671,2.3,0
2.84,2,kuramoto,5.726637,2.3,0
2.85,2,kuramoto,5.849602,2.3,0
2.86,2,kuramoto,5.972568,2.3,0
2.87,2,kuramoto,6.095533,2.3,0
2.88,2,kuramoto,6.218498,2.3,0
2.89,2,kuramoto,0.058277,2.3,1
2.9,2,kuramoto,0.181242,2.3,0
2.91,2,kuramoto,0.304206,2.3,0
2.92,2,kuramoto,0.42717,2.3,0
2.93,2,kuramoto,0.550134,2.3,0
2.94,2,kuramoto,0.673097,2.3,0
2.95,2,kuramoto,0.79606,2.3,0
2.96,2,kuramoto,0.919024,2.3,0
2.97,2,kuramoto,1.041986,2.3,0
2.98,2,kuramoto,1.164949,2.3,0
2.99,2,kuramoto,1.287912,2.3,0
3.0,2,kuramoto,1.410874,2.3,0
3.01,2,kuramoto,1.533836,2.3,0
3.02,2,kuramoto,1.656798,2.3,0
3.03,2,kuramoto,1.77976,2.3,0
3.04,2,kuramoto,1.902721,2.3,0
3.05,2,kuramoto,2.025683,2.3,0
3.06,2,kuramoto,2.148644,2.3,0
3.07,2,kuramoto,2.271605,2.3,0
3.08,2,kuramoto,2.394566,2.3,0
3.09,2,kuramoto,2.517527,2.3,0
3.1,2,kuramoto,2.640488,2.3,0
3.11,2,kuramoto,2.763448,2.3,0
3.12,2,kuramoto,2.886408,2.3,0
3.13,2,kuramoto,3.009369,2.3,0
3.14,2,kuramoto,3.132329,2.3,0
3.15,2,kuramoto,3.255289,2.3,0
3.16,2,kuramoto,3.378249,2.3,0
3.17,2,kuramoto,3.501209,2.3,0
3.18,2,kuramoto,3.624168,2.3,0
3.19,2,kuramoto,3.747128,2.3,0
3.2,2,kuramoto,3.870087,2.3,0
3.21,2,kuramoto,3.993047,2.3,0
3.22,2,kuramoto,4.116006,2.3,0
3.23,2,kuramoto,4.238965,2.3,0
3.24,2,kuramoto,4.361924,2.3,0
3.25,2,kuramoto,4.484883,2.3,0
3.26,2,kuramoto,4.607842,2.3,0
3.27,2,kuramoto,4.730801,2.3,0
3.28,2,kuramoto,4.85376,2.3,0
3.29,2,kuramoto,4.976718,2.3,0
3.3,2,kuramoto,5.099677,2.3,0
3.31,2,kuramoto,5.222635,2.3,0
3.32,2,kuramoto,5.345594,2.3,0
3.33,2,kuramoto,5.468552,2.3,0
3.34,2,kuramoto,5.59151,2.3,0
3.35,2,kuramoto,5.714468,2.3,0
3.36,2,kuramoto,5.837426,2.3,0
3.37,2,kuramoto,5.960384,2.3,0
3.38,2,kuramoto,6.083342,2.3,0
3.39,2,kuramoto,6.2063,2.3,0
3.4,2,kuramoto,0.046073,2.3,1
3.41,2,kuramoto,0.169031,2.3,0
3.42,2,kuramoto,0.291988,2.3,0
3.43,2,kuramoto,0.414946,2.3,0
3.44,2,kuramoto,0.537904,2.3,0
3.45,2,kuramoto,0.660861,2.3,0
3.46,2,kuramoto,0.783819,2.3,0
3.47,2,kuramoto,0.906776,2.3,0
3.48,2,kuramoto,1.029734,2.3,0
3.49,2,kuramoto,1.152691,2.3,0
3.5,2,kuramoto,1.275648,2.3,0
3.51,2,kuramoto,1.398606,2.3,0
3.52,2,kuramoto,1.521563,2.3,0
3.53,2,kuramoto,1.64452,2.3,0
3.54,2,kuramoto,1.767477,2.3,0
3.55,2,kuramoto,1.890434,2.3,0
3.56,2,kuramoto,2.013391,2.3,0
3.57,2,kuramoto,2.136348,2.3,0
3.58,2,kuramoto,2.259305,2.3,0
3.59,2,kuramoto,2.382262,2.3,0
3.6,2,kuramoto,2.505219,2.3,0
3.61,2,kuramoto,2.628176,2.3,0
3.62,2,kuramoto,2.751133,2.3,0
3.63,2,kuramoto,2.87409,2.3,0
3.64,2,kuramoto,2.997047,2.3,0
3.65,2,kuramoto,3.120003,2.3,0
3.66,2,kuramoto,3.24296,2.3,0
3.67,2,kuramoto,3.365917,2.3,0
3.68,2,kuramoto,3.488873,2.3,0
3.69,2,kuramoto,3.61183,2.3,0
3.7,2,kuramoto,3.734787,2.3,0
3.71,2,kuramoto,3.857743,2.3,0
3.72,2,kuramoto,3.9807,2.3,0
3.73,2,kuramoto,4.103656,2.3,0
3.74,2,kuramoto,4.226613,2.3,0
3.75,2,kuramoto,4.349569,2.3,0
3.76,2,kuramoto,4.472526,2.3,0
3.77,2,kuramoto,4.595482,2.3,0
3.78,2,kuramoto,4.718439,2.3,0
3.79,2,kuramoto,4.841395,2.3,0
3.8,2,kuramoto,4.964351,2.3,0
3.81,2,kuramoto,5.087308,2.3,0
3.82,2,kuramoto,5.210264,2.3,0
3.83,2,kuramoto,5.333221,2.3,0
3.84,2,kuramoto,5.456177,2.3,0
3.85,2,kuramoto,5.579133,2.3,0
3.86,2,kuramoto,5.702089,2.3,0
3.87,2,kuramoto,5.825046,2.3,0
3.88,2,kuramoto,5.948002,2.3,0
3.89,2,kuramoto,6.070958,2.3,0
3.9,2,kuramoto,6.193914,2.3,0
3.91,2,kuramoto,0.033685,2.3,1
3.92,2,kuramoto,0.156641,2.3,0
3.93,2,kuramoto,0.279598,2.3,0
3.94,2,kuramoto,0.402554,2.3,0
3.95,2,kuramoto,0.52551,2.3,0
3.96,2,kuramoto,0.648466,2.3,0
3.97,2,kuramoto,0.771422,2.3,0
3.98,2,kuramoto,0.894378,2.3,0
3.99,2,kuramoto,1.017334,2.3,0
4.0,2,kuramoto,1.14029,2.3,0
4.01,2,kuramoto,1.263246,2.3,0
4.02,2,kuramoto,1.386203,2.3,0
4.03,2,kuramoto,1.509159,2.3,0
4.04,2,kuramoto,1.632115,2.3,0
4.05,2,kuramoto,1.755071,2.3,0
4.06,2,kuramoto,1.878027,2.3,0
4.07,2,kuramoto,2.000983,2.3,0
4.08,2,kuramoto,2.123939,2.3,0
4.09,2,kuramoto,2.246895,2.3,0
4.1,2,kuramoto,2.369851,2.3,0
4.11,2,kuramoto,2.492807,2.3,0
4.12,2,kuramoto,2.615763,2.3,0
4.13,2,kuramoto,2.738719,2.3,0
4.14,2,kuramoto,2.861675,2.3,0
4.15,2,kuramoto,2.98463,2.3,0
4.16,2,kuramoto,3.107586,2.3,0
4.17,2,kuramoto,3.230542,2.3,0
4.18,2,kuramoto,3.353498,2.3,0
4.19,2,kuramoto,3.476454,2.3,0
4.2,2,kuramoto,3.59941,2.3,0
4.21,2,kuramoto,3.722366,2.3,0
4.22,2,kuramoto,3.845322,2.3,0
4.23,2,kuramoto,3.968278,2.3,0
4.24,2,kuramoto,4.091234,2.3,0
4.25,2,kuramoto,4.214189,2.3,0
4.26,2,kuramoto,4.337145,2.3,0
4.27,2,kuramoto,4.460101,2.3,0
4.28,2,kuramoto,4.583057,2.3,0
4.29,2,kuramoto,4.706013,2.3,0
4.3,2,kuramoto,4.828969,2.3,0
4.31,2,kuramoto,4.951925,2.3,0
4.32,2,kuramoto,5.07488,2.3,0
4.33,2,kuramoto,5.197836,2.3,0
4.34,2,kuramoto,5.320792,2.3,0
4.35,2,kuramoto,5.443748,2.3,0
4.36,2,kuramoto,5.566704,2.3,0
4.37,2,kuramoto,5.68966,2.3,0
4.38,2,kuramoto,5.812615,2.3,0
4.39,2,kuramoto,5.935571,2.3,0
4.4,2,kuramoto,6.058527,2.3,0
4.41,2,kuramoto,6.181483,2.3,0
4.42,2,kuramoto,0.021253,2.3,1
4.43,2,kuramoto,0.144209,2.3,0
4.44,2,kuramoto,0.267165,2.3,0
4.45,2,kuramoto,0.390121,2.3,0
4.46,2,kuramoto,0.513076,2.3,0
4.47,2,kuramoto,0.636032,2.3,0
4.48,2,kuramoto,0.758988,2.3,0
4.49,2,kuramoto,0.881944,2.3,0
4.5,2,kuramoto,1.0049,2.3,0
4.51,2,kuramoto,1.127855,2.3,0
4.52,2,kuramoto,1.250811,2.3,0
4.53,2,kuramoto,1.373767,2.3,0
4.54,2,kuramoto,1.496723,2.3,0
4.55,2,kuramoto,1.619678,2.3,0
4.56,2,kuramoto,1.742634,2.3,0
4.57,2,kuramoto,1.86559,2.3,0
4.58,2,kuramoto,1.988546,2.3,0
4.59,2,kuramoto,2.111501,2.3,0
4.6,2,kuramoto,2.234457,2.3,0
4.61,2,kuramoto,2.357413,2.3,0
4.62,2,kuramoto,2.480369,2.3,0
4.63,2,kuramoto,2.603324,2.3,0
4.64,2,kuramoto,2.72628,2.3,0
4.65,2,kuramoto,2.849236,2.3,0
4.66,2,kuramoto,2.972192,2.3,0
4.67,2,kuramoto,3.095147,2.3,0
4.68,2,kuramoto,3.218103,2.3,0
4.69,2,kuramoto,3.341059,2.3,0
4.7,2,kuramoto,3.464015,2.3,0
4.71,2,kuramoto,3.58697,2.3,0
4.72,2,kuramoto,3.709926,2.3,0
4.73,2,kuramoto,3.832882,2.3,0
4.74,2,kuramoto,3.955837,2.3,0
4.75,2,kuramoto,4.078793,2.3,0
4.76,2,kuramoto,4.201749,2.3,0
4.77,2,kuramoto,4.324705,2.3,0
4.78,2,kuramoto,4.44766,2.3,0
4.79,2,kuramoto,4.570616,2.3,0
4.8,2,kuramoto,4.693572,2.3,0
4.81,2,kuramoto,4.816527,2.3,0
4.82,2,kuramoto,4.939483,2.3,0
4.83,2,kuramoto,5.062439,2.3,0
4.84,2,kuramoto,5.185395,2.3,0
4.85,2,kuramoto,5.30835,2.3,0
4.86,2,kuramoto,5.431306,2.3,0
4.87,2,kuramoto,5.554262,2.3,0
4.88,2,kuramoto,5.677217,2.3,0
4.89,2,kuramoto,5.800173,2.3,0
4.9,2,kuramoto,5.923129,2.3,0
4.91,2,kuramoto,6.046085,2.3,0
4.92,2,kuramoto,6.16904,2.3,0
4.93,2,kuramoto,0.008811,2.3,1
4.94,2,kuramoto,0.131766,2.3,0
4.95,2,kuramoto,0.254722,2.3,0
4.96,2,kuramoto,0.377678,2.3,0
4.97,2,kuramoto,0.500633,2.3,0
4.98,2,kuramoto,0.623589,2.3,0
4.99,2,kuramoto,0.746545,2.3,0
5.0,2,kuramoto,0.8695,2.3,0
5.01,2,kuramoto,0.992456,2.3,0
5.02,2,kuramoto,1.115412,2.3,0
5.03,2,kuramoto,1.238368,2.3,0
5.04,2,kuramoto,1.361323,2.3,0
5.05,2,kuramoto,1.484279,2.3,0
5.06,2,kuramoto,1.607235,2.3,0
5.07,2,kuramoto,1.73019,2.3,0
5.08,2,kuramoto,1.853146,2.3,0
5.09,2,kuramoto,1.976102,2.3,0
5.1,2,kuramoto,2.099057,2.3,0
5.11,2,kuramoto,2.222013,2.3,0
5.12,2,kuramoto,2.344969,2.3,0
5.13,2,kuramoto,2.467924,2.3,0
5.14,2,kuramoto,2.59088,2.3,0
5.15,2,kuramoto,2.713836,2.3,0
5.16,2,kuramoto,2.836792,2.3,0
5.17,2,kuramoto,2.959747,2.3,0
5.18,2,kuramoto,3.082703,2.3,0
5.19,2,kuramoto,3.205659,2.3,0
5.2,2,kuramoto,3.328614,2.3,0
5.21,2,kuramoto,3.45157,2.3,0
5.22,2,kuramoto,3.574526,2.3,0
5.23,2,kuramoto,3.697481,2.3,0
5.24,2,kuramoto,3.820437,2.3,0
5.25,2,kuramoto,3.943393,2.3,0
5.26,2,kuramoto,4.066348,2.3,0
5.27,2,kuramoto,4.189304,2.3,0
5.28,2,kuramoto,4.31226,2.3,0
5.29,2,kuramoto,4.435215,2.3,0
5.3,2,kuramoto,4.558171,2.3,0
5.31,2,kuramoto,4.681127,2.3,0
5.32,2,kuramoto,4.804082,2.3,0
5.33,2,kuramoto,4.927038,2.3,0
5.34,2,kuramoto,5.049994,2.3,0
5.35,2,kuramoto,5.172949,2.3,0
5.36,2,kuramoto,5.295905,2.3,0
5.37,2,kuramoto,5.418861,2.3,0
5.38,2,kuramoto,5.541817,2.3,0
5.39,2,kuramoto,5.664772,2.3,0
5.4,2,kuramoto,5.787728,2.3,0
5.41,2,kuramoto,5.910684,2.3,0
5.42,2,kuramoto,6.033639,2.3,0
5.43,2,kuramoto,6.156595,2.3,0
5.44,2,kuramoto,6.279551,2.3,0
5.45,2,kuramoto,0.119321,2.3,1
5.46,2,kuramoto,0.242277,2.3,0
5.47,2,kuramoto,0.365232,2.3,0
5.48,2,kuramoto,0.488188,2.3,0
5.49,2,kuramoto,0.611144,2.3,0
5.5,2,kuramoto,0.734099,2.3,0
5.51,2,kuramoto,0.857055,2.3,0
5.52,2,kuramoto,0.980011,2.3,0
5.53,2,kuramoto,1.102966,2.3,0
5.54,2,kuramoto,1.225922,2.3,0
5.55,2,kuramoto,1.348878,2.3,0
5.56,2,kuramoto,1.471833,2.3,0
5.57,2,kuramoto,1.594789,2.3,0
5.58,2,kuramoto,1.717745,2.3,0
5.59,2,kuramoto,1.8407,2.3,0
5.6,2,kuramoto,1.963656,2.3,0
5.61,2,kuramoto,2.086612,2.3,0
5.62,2,kuramoto,2.209567,2.3,0
5.63,2,kuramoto,2.332523,2.3,0
5.64,2,kuramoto,2.455479,2.3,0
5.65,2,kuramoto,2.578434,2.3,0
5.66,2,kuramoto,2.70139,2.3,0
5.67,2,kuramoto,2.824346,2.3,0
5.68,2,kuramoto,2.947301,2.3,0
5.69,2,kuramoto,3.070257,2.3,0
5.7,2,kuramoto,3.193213,2.3,0
5.71,2,kuramoto,3.316168,2.3,0
5.72,2,kuramoto,3.439124,2.3,0
5.73,2,kuramoto,3.56208,2.3,0
5.74,2,kuramoto,3.685036,2.3,0
5.75,2,kuramoto,3.807991,2.3,0
5.76,2,kuramoto,3.930947,2.3,0
5.77,2,kuramoto,4.053903,2.3,0
5.78,2,kuramoto,4.176858,2.3,0
5.79,2,kuramoto,4.299814,2.3,0
5.8,2,kuramoto,4.42277,2.3,0
5.81,2,kuramoto,4.545725,2.3,0
5.82,2,kuramoto,4.668681,2.3,0
5.83,2,kuramoto,4.791637,2.3,0
5.84,2,kuramoto,4.914592,2.3,0
5.85,2,kuramoto,5.037548,2.3,0
5.86,2,kuramoto,5.160504,2.3,0
5.87,2,kuramoto,5.283459,2.3,0
5.88,2,kuramoto,5.406415,2.3,0
5.89,2,kuramoto,5.529371,2.3,0
5.9,2,kuramoto,5.652326,2.3,0
5.91,2,kuramoto,5.775282,2.3,0
5.92,2,kuramoto,5.898238,2.3,0
5.93,2,kuramoto,6.021193,2.3,0
5.94,2,kuramoto,6.144149,2.3,0
5.95,2,kuramoto,6.267105,2.3,0
5.96,2,kuramoto,0.106875,2.3,1
5.97,2,kuramoto,0.229831,2.3,0
5.98,2,kuramoto,0.352786,2.3,0
5.99,2,kuramoto,0.475742,2.3,0
6.0,2,kuramoto,0.598698,2.3,0
6.01,2,kuramoto,0.721653,2.3,0
6.02,2,kuramoto,0.844609,2.3,0
6.03,2,kuramoto,0.967565,2.3,0
6.04,2,kuramoto,1.09052,2.3,0
6.05,2,kuramoto,1.213476,2.3,0
6.06,2,kuramoto,1.336432,2.3,0
6.07,2,kuramoto,1.459387,2.3,0
6.08,2,kuramoto,1.582343,2.3,0
6.09,2,kuramoto,1.705299,2.3,0
6.1,2,kuramoto,1.828254,2.3,0
6.11,2,kuramoto,1.95121,2.3,0
6.12,2,kuramoto,2.074166,2.3,0
6.13,2,kuramoto,2.197121,2.3,0
6.14,2,kuramoto,2.320077,2.3,0
6.15,2,kuramoto,2.443033,2.3,0
6.16,2,kuramoto,2.565988,2.3,0
6.17,2,kuramoto,2.688944,2.3,0
6.18,2,kuramoto,2.8119,2.3,0
6.19,2,kuramoto,2.934855,2.3,0
6.2,2,kuramoto,3.057811,2.3,0
6.21,2,kuramoto,3.180767,2.3,0
6.22,2,kuramoto,3.303722,2.3,0
6.23,2,kuramoto,3.426678,2.3,0
6.24,2,kuramoto,3.549634,2.3,0
6.25,2,kuramoto,3.672589,2.3,0
6.26,2,kuramoto,3.795545,2.3,0
6.27,2,kuramoto,3.918501,2.3,0
6.28,2,kuramoto,4.041456,2.3,0
6.29,2,kuramoto,4.164412,2.3,0
6.3,2,kuramoto,4.287368,2.3,0
6.31,2,kuramoto,4.410323,2.3,0
6.32,2,kuramoto,4.533279,2.3,0
6.33,2,kuramoto,4.656235,2.3,0
6.34,2,kuramoto,4.77919,2.3,0
6.35,2,kuramoto,4.902146,2.3,0
6.36,2,kuramoto,5.025102,2.3,0
6.37,2,kuramoto,5.148057,2.3,0
6.38,2,kuramoto,5.271013,2.3,0
6.39,2,kuramoto,5.393969,2.3,0
6.4,2,kuramoto,5.516924,2.3,0
6.41,2,kuramoto,5.63988,2.3,0
6.42,2,kuramoto,5.762836,2.3,0
6.43,2,kuramoto,5.885791,2.3,0
6.44,2,kuramoto,6.008747,2.3,0
6.45,2,kuramoto,6.131703,2.3,0
6.46,2,kuramoto,6.254658,2.3,0
6.47,2,kuramoto,0.094429,2.3,1
6.48,2,kuramoto,0.217385,2.3,0
6.49,2,kuramoto,0.34034,2.3,0
6.5,2,kuramoto,0.463296,2.3,0
6.51,2,kuramoto,0.586252,2.3,0
6.52,2,kuramoto,0.709207,2.3,0
6.53,2,kuramoto,0.832163,2.3,0
6.54,2,kuramoto,0.955119,2.3,0
6.55,2,kuramoto,1.078074,2.3,0
6.56,2,kuramoto,1.20103,2.3,0
6.57,2,kuramoto,1.323986,2.3,0
6.58,2,kuramoto,1.446941,2.3,0
6.59,2,kuramoto,1.569897,2.3,0
6.6,2,kuramoto,1.692853,2.3,0
6.61,2,kuramoto,1.815808,2.3,0
6.62,2,kuramoto,1.938764,2.3,0
6.63,2,kuramoto,2.06172,2.3,0
6.64,2,kuramoto,2.184675,2.3,0
6.65,2,kuramoto,2.307631,2.3,0
6.66,2,kuramoto,2.430587,2.3,0
6.67,2,kuramoto,2.553542,2.3,0
6.68,2,kuramoto,2.676498,2.3,0
6.69,2,kuramoto,2.799454,2.3,0
6.7,2,kuramoto,2.922409,2.3,0
6.71,2,kuramoto,3.045365,2.3,0
6.72,2,kuramoto,3.168321,2.3,0
6.73,2,kuramoto,3.291276,2.3,0
6.74,2,kuramoto,3.414232,2.3,0
6.75,2,kuramoto,3.537188,2.3,0
6.76,2,kuramoto,3.660143,2.3,0
6.77,2,kuramoto,3.783099,2.3,0
6.78,2,kuramoto,3.906055,2.3,0
6.79,2,kuramoto,4.02901,2.3,0
6.8,2,kuramoto,4.151966,2.3,0
6.81,2,kuramoto,4.274922,2.3,0
6.82,2,kuramoto,4.397877,2.3,0
6.83,2,kuramoto,4.520833,2.3,0
6.84,2,kuramoto,4.643789,2.3,0
6.85,2,kuramoto,4.766744,2.3,0
6.86,2,kuramoto,4.8897,2.3,0
6.87,2,kuramoto,5.012656,2.3,0
6.88,2,kuramoto,5.135611,2.3,0
6.89,2,kuramoto,5.258567,2.3,0
6.9,2,kuramoto,5.381523,2.3,0
6.91,2,kuramoto,5.504478,2.3,0
6.92,2,kuramoto,5.627434,2.3,0
6.93,2,kuramoto,5.75039,2.3,0
6.94,2,kuramoto,5.873345,2.3,0
6.95,2,kuramoto,5.996301,2.3,0
6.96,2,kuramoto,6.119257,2.3,0
6.97,2,kuramoto,6.242212,2.3,0
6.98,2,kuramoto,0.081983,2.3,1
6.99,2,kuramoto,0.204938,2.3,0
7.0,2,kuramoto,0.327894,2.3,0
7.01,2,kuramoto,0.45085,2.3,0
7.02,2,kuramoto,0.573805,2.3,0
7.03,2,kuramoto,0.696761,2.3,0
7.04,2,kuramoto,0.819717,2.3,0
7.05,2,kuramoto,0.942672,2.3,0
7.06,2,kuramoto,1.065628,2.3,0
7.07,2,kuramoto,1.188584,2.3,0
7.08,2,kuramoto,1.311539,2.3,0
7.09,2,kuramoto,1.434495,2.3,0
7.1,2,kuramoto,1.557451,2.3,0
7.11,2,kuramoto,1.680406,2.3,0
7.12,2,kuramoto,1.803362,2.3,0
7.13,2,kuramoto,1.926318,2.3,0
7.14,2,kuramoto,2.049273,2.3,0
7.15,2,kuramoto,2.172229,2.3,0
7.16,2,kuramoto,2.295185,2.3,0
7.17,2,kuramoto,2.41814,2.3,0
7.18,2,kuramoto,2.541096,2.3,0
7.19,2,kuramoto,2.664052,2.3,0
7.2,2,kuramoto,2.787007,2.3,0
7.21,2,kuramoto,2.909963,2.3,0
7.22,2,kuramoto,3.032919,2.3,0
7.23,2,kuramoto,3.155874,2.3,0
7.24,2,kuramoto,3.27883,2.3,0
7.25,2,kuramoto,3.401786,2.3,0
7.26,2,kuramoto,3.524741,2.3,0
7.27,2,kuramoto,3.647697,2.3,0
7.28,2,kuramoto,3.770653,2.3,0
7.29,2,kuramoto,3.893608,2.3,0
7.3,2,kuramoto,4.016564,2.3,0
7.31,2,kuramoto,4.13952,2.3,0
7.32,2,kuramoto,4.262475,2.3,0
7.33,2,kuramoto,4.385431,2.3,0
7.34,2,kuramoto,4.508387,2.3,0
7.35,2,kuramoto,4.631342,2.3,0
7.36,2,kuramoto,4.754298,2.3,0
7.37,2,kuramoto,4.877254,2.3,0
7.38,2,kuramoto,5.000209,2.3,0
7.39,2,kuramoto,5.123165,2.3,0
7.4,2,kuramoto,5.246121,2.3,0
7.41,2,kuramoto,5.369076,2.3,0
7.42,2,kuramoto,5.492032,2.3,0
7.43,2,kuramoto,5.614988,2.3,0
7.44,2,kuramoto,5.737943,2.3,0
7.45,2,kuramoto,5.860899,2.3,0
7.46,2,kuramoto,5.983855,2.3,0
7.47,2,kuramoto,6.10681,2.3,0
7.48,2,kuramoto,6.229766,2.3,0
7.49,2,kuramoto,0.069537,2.3,1
7.5,2,kuramoto,0.192492,2.3,0
7.51,2,kuramoto,0.315448,2.3,0
7.52,2,kuramoto,0.438404,2.3,0
7.53,2,kuramoto,0.561359,2.3,0
7.54,2,kuramoto,0.684315,2.3,0
7.55,2,kuramoto,0.807271,2.3,0
7.56,2,kuramoto,0.930226,2.3,0
7.57,2,kuramoto,1.053182,2.3,0
7.58,2,kuramoto,1.176138,2.3,0
7.59,2,kuramoto,1.299093,2.3,0
7.6,2,kuramoto,1.422049,2.3,0
7.61,2,kuramoto,1.545005,2.3,0
7.62,2,kuramoto,1.66796,2.3,0
7.63,2,kuramoto,1.790916,2.3,0
7.64,2,kuramoto,1.913872,2.3,0
7.65,2,kuramoto,2.036827,2.3,0
7.66,2,kuramoto,2.159783,2.3,0
7.67,2,kuramoto,2.282739,2.3,0
7.68,2,kuramoto,2.405694,2.3,0
7.69,2,kuramoto,2.52865,2.3,0
7.7,2,kuramoto,2.651606,2.3,0
7.71,2,kuramoto,2.774561,2.3,0
7.72,2,kuramoto,2.897517,2.3,0
7.73,2,kuramoto,3.020473,2.3,0
7.74,2,kuramoto,3.143428,2.3,0
7.75,2,kuramoto,3.266384,2.3,0
7.76,2,kuramoto,3.38934,2.3,0
7.77,2,kuramoto,3.512295,2.3,0
7.78,2,kuramoto,3.635251,2.3,0
7.79,2,kuramoto,3.758207,2.3,0
7.8,2,kuramoto,3.881162,2.3,0
7.81,2,kuramoto,4.004118,2.3,0
7.82,2,kuramoto,4.127074,2.3,0
7.83,2,kuramoto,4.250029,2.3,0
7.84,2,kuramoto,4.372985,2.3,0
7.85,2,kuramoto,4.495941,2.3,0
7.86,2,kuramoto,4.618896,2.3,0
7.87,2,kuramoto,4.741852,2.3,0
7.88,2,kuramoto,4.864808,2.3,0
7.89,2,kuramoto,4.987763,2.3,0
7.9,2,kuramoto,5.110719,2.3,0
7.91,2,kuramoto,5.233675,2.3,0
7.92,2,kuramoto,5.35663,2.3,0
7.93,2,kuramoto,5.479586,2.3,0
7.94,2,kuramoto,5.602542,2.3,0
7.95,2,kuramoto,5.725497,2.3,0
7.96,2,kuramoto,5.848453,2.3,0
7.97,2,kuramoto,5.971409,2.3,0
7.98,2,kuramoto,6.094364,2.3,0
7.99,2,kuramoto,6.21732,2.3,0
8.0,2,kuramoto,0.05709,2.3,1
8.01,2,kuramoto,0.180046,2.3,0
8.02,2,kuramoto,0.303002,2.3,0
8.03,2,kuramoto,0.425957,2.3,0
8.04,2,kuramoto,0.548913,2.3,0
8.05,2,kuramoto,0.671869,2.3,0
8.06,2,kuramoto,0.794824,2.3,0
8.07,2,kuramoto,0.91778,2.3,0
8.08,2,kuramoto,1.040736,2.3,0
8.09,2,kuramoto,1.163691,2.3,0
8.1,2,kuramoto,1.286647,2.3,0
8.11,2,kuramoto,1.409603,2.3,0
8.12,2,kuramoto,1.532558,2.3,0
8.13,2,kuramoto,1.655514,2.3,0
8.14,2,kuramoto,1.77847,2.3,0
8.15,2,kuramoto,1.901425,2.3,0
8.16,2,kuramoto,2.024381,2.3,0
8.17,2,kuramoto,2.147337,2.3,0
8.18,2,kuramoto,2.270292,2.3,0
8.19,2,kuramoto,2.393248,2.3,0
8.2,2,kuramoto,2.516204,2.3,0
8.21,2,kuramoto,2.639159,2.3,0
8.22,2,kuramoto,2.762115,2.3,0
8.23,2,kuramoto,2.885071,2.3,0
8.24,2,kuramoto,3.008026,2.3,0
8.25,2,kuramoto,3.130982,2.3,0
8.26,2,kuramoto,3.253938,2.3,0
8.27,2,kuramoto,3.376893,2.3,0
8.28,2,kuramoto,3.499849,2.3,0
8.29,2,kuramoto,3.622805,2.3,0
8.3,2,kuramoto,3.74576,2.3,0
8.31,2,kuramoto,3.868716,2.3,0
8.32,2,kuramoto,3.991672,2.3,0
8.33,2,kuramoto,4.114627,2.3,0
8.34,2,kuramoto,4.237583,2.3,0
8.35,2,kuramoto,4.360539,2.3,0
8.36,2,kuramoto,4.483494,2.3,0
8.37,2,kuramoto,4.60645,2.3,0
8.38,2,kuramoto,4.729406,2.3,0
8.39,2,kuramoto,4.852361,2.3,0
8.4,2,kuramoto,4.975317,2.3,0
8.41,2,kuramoto,5.098273,2.3,0
8.42,2,kuramoto,5.221228,2.3,0
8.43,2,kuramoto,5.344184,2.3,0
8.44,2,kuramoto,5.46714,2.3,0
8.45,2,kuramoto,5.590095,2.3,0
8.46,2,kuramoto,5.713051,2.3,0
8.47,2,kuramoto,5.836007,2.3,0
8.48,2,kuramoto,5.958962,2.3,0
8.49,2,kuramoto,6.081918,2.3,0
8.5,2,kuramoto,6.204874,2.3,0
8.51,2,kuramoto,0.044644,2.3,1
8.52,2,kuramoto,0.1676,2.3,0
8.53,2,kuramoto,0.290556,2.3,0
8.54,2,kuramoto,0.413511,2.3,0
8.55,2,kuramoto,0.536467,2.3,0
8.56,2,kuramoto,0.659423,2.3,0
8.57,2,kuramoto,0.782378,2.3,0
8.58,2,kuramoto,0.905334,2.3,0
8.59,2,kuramoto,1.02829,2.3,0
8.6,2,kuramoto,1.151245,2.3,0
8.61,2,kuramoto,1.274201,2.3,0
8.62,2,kuramoto,1.397157,2.3,0
8.63,2,kuramoto,1.520112,2.3,0
8.64,2,kuramoto,1.643068,2.3,0
8.65,2,kuramoto,1.766024,2.3,0
8.66,2,kuramoto,1.888979,2.3,0
8.67,2,kuramoto,2.011935,2.3,0
8.68,2,kuramoto,2.134891,2.3,0
8.69,2,kuramoto,2.257846,2.3,0
8.7,2,kuramoto,2.380802,2.3,0
8.71,2,kuramoto,2.503758,2.3,0
8.72,2,kuramoto,2.626713,2.3,0
8.73,2,kuramoto,2.749669,2.3,0
8.74,2,kuramoto,2.872625,2.3,0
8.75,2,kuramoto,2.99558,2.3,0
8.76,2,kuramoto,3.118536,2.3,0
8.77,2,kuramoto,3.241492,2.3,0
8.78,2,kuramoto,3.364447,2.3,0
8.79,2,kuramoto,3.487403,2.3,0
8.8,2,kuramoto,3.610359,2.3,0
8.81,2,kuramoto,3.733314,2.3,0
8.82,2,kuramoto,3.85627,2.3,0
8.83,2,kuramoto,3.979226,2.3,0
8.84,2,kuramoto,4.102181,2.3,0
8.85,2,kuramoto,4.225137,2.3,0
8.86,2,kuramoto,4.348093,2.3,0
8.87,2,kuramoto,4.471048,2.3,0
8.88,2,kuramoto,4.594004,2.3,0
8.89,2,kuramoto,4.71696,2.3,0
8.9,2,kuramoto,4.839915,2.3,0
8.91,2,kuramoto,4.962871,2.3,0
8.92,2,kuramoto,5.085827,2.3,0
8.93,2,kuramoto,5.208782,2.3,0
8.94,2,kuramoto,5.331738,2.3,0
8.95,2,kuramoto,5.454694,2.3,0
8.96,2,kuramoto,5.577649,2.3,0
8.97,2,kuramoto,5.700605,2.3,0
8.98,2,kuramoto,5.823561,2.3,0
8.99,2,kuramoto,5.946516,2.3,0
9.0,2,kuramoto,6.069472,2.3,0
9.01,2,kuramoto,6.192428,2.3,0
9.02,2,kuramoto,0.032198,2.3,1
9.03,2,kuramoto,0.155154,2.3,0
9.04,2,kuramoto,0.278109,2.3,0
9.05,2,kuramoto,0.401065,2.3,0
9.06,2,kuramoto,0.524021,2.3,0
9.07,2,kuramoto,0.646976,2.3,0
9.08,2,kuramoto,0.769932,2.3,0
9.09,2,kuramoto,0.892888,2.3,0
9.1,2,kuramoto,1.015843,2.3,0
9.11,2,kuramoto,1.138799,2.3,0
9.12,2,kuramoto,1.261755,2.3,0
9.13,2,kuramoto,1.38471,2.3,0
9.14,2,kuramoto,1.507666,2.3,0
9.15,2,kuramoto,1.630622,2.3,0
9.16,2,kuramoto,1.753577,2.3,0
9.17,2,kuramoto,1.876533,2.3,0
9.18,2,kuramoto,1.999489,2.3,0
9.19,2,kuramoto,2.122444,2.3,0
9.2,2,kuramoto,2.2454,2.3,0
9.21,2,kuramoto,2.368356,2.3,0
9.22,2,kuramoto,2.491311,2.3,0
9.23,2,kuramoto,2.614267,2.3,0
9.24,2,kuramoto,2.737223,2.3,0
9.25,2,kuramoto,2.860178,2.3,0
9.26,2,kuramoto,2.983134,2.3,0
9.27,2,kuramoto,3.10609,2.3,0
9.28,2,kuramoto,3.229045,2.3,0
9.29,2,kuramoto,3.352001,2.3,0
9.3,2,kuramoto,3.474957,2.3,0
9.31,2,kuramoto,3.597912,2.3,0
9.32,2,kuramoto,3.720868,2.3,0
9.33,2,kuramoto,3.843824,2.3,0
9.34,2,kuramoto,3.966779,2.3,0
9.35,2,kuramoto,4.089735,2.3,0
9.36,2,kuramoto,4.212691,2.3,0
9.37,2,kuramoto,4.335646,2.3,0
9.38,2,kuramoto,4.458602,2.3,0
9.39,2,kuramoto,4.581558,2.3,0
9.4,2,kuramoto,4.704513,2.3,0
9.41,2,kuramoto,4.827469,2.3,0
9.42,2,kuramoto,4.950425,2.3,0
9.43,2,kuramoto,5.07338,2.3,0
9.44,2,kuramoto,5.196336,2.3,0
9.45,2,kuramoto,5.319292,2.3,0
9.46,2,kuramoto,5.442247,2.3,0
9.47,2,kuramoto,5.565203,2.3,0
9.48,2,kuramoto,5.688159,2.3,0
9.49,2,kuramoto,5.811114,2.3,0
9.5,2,kuramoto,5.93407,2.3,0
9.51,2,kuramoto,6.057026,2.3,0
9.52,2,kuramoto,6.179981,2.3,0
9.53,2,kuramoto,0.019752,2.3,1
9.54,2,kuramoto,0.142708,2.3,0
9.55,2,kuramoto,0.265663,2.3,0
9.56,2,kuramoto,0.388619,2.3,0
9.57,2,kuramoto,0.511575,2.3,0
9.58,2,kuramoto,0.63453,2.3,0
9.59,2,kuramoto,0.757486,2.3,0
9.6,2,kuramoto,0.880442,2.3,0
9.61,2,kuramoto,1.003397,2.3,0
9.62,2,kuramoto,1.126353,2.3,0
9.63,2,kuramoto,1.249309,2.3,0
9.64,2,kuramoto,1.372264,2.3,0
9.65,2,kuramoto,1.49522,2.3,0
9.66,2,kuramoto,1.618176,2.3,0
9.67,2,kuramoto,1.741131,2.3,0
9.68,2,kuramoto,1.864087,2.3,0
9.69,2,kuramoto,1.987043,2.3,0
9.7,2,kuramoto,2.109998,2.3,0
9.71,2,kuramoto,2.232954,2.3,0
9.72,2,kuramoto,2.35591,2.3,0
9.73,2,kuramoto,2.478865,2.3,0
9.74,2,kuramoto,2.601821,2.3,0
9.75,2,kuramoto,2.724777,2.3,0
9.76,2,kuramoto,2.847732,2.3,0
9.77,2,kuramoto,2.970688,2.3,0
9.78,2,kuramoto,3.093644,2.3,0
9.79,2,kuramoto,3.216599,2.3,0
9.8,2,kuramoto,3.339555,2.3,0
9.81,2,kuramoto,3.462511,2.3,0
9.82,2,kuramoto,3.585466,2.3,0
9.83,2,kuramoto,3.708422,2.3,0
9.84,2,kuramoto,3.831378,2.3,0
9.85,2,kuramoto,3.954333,2.3,0
9.86,2,kuramoto,4.077289,2.3,0
9.87,2,kuramoto,4.200245,2.3,0
9.88,2,kuramoto,4.3232,2.3,0
9.89,2,kuramoto,4.446156,2.3,0
9.9,2,kuramoto,4.569112,2.3,0
9.91,2,kuramoto,4.692067,2.3,0
9.92,2,kuramoto,4.815023,2.3,0
9.93,2,kuramoto,4.937979,2.3,0
9.94,2,kuramoto,5.060934,2.3,0
9.95,2,kuramoto,5.18389,2.3,0
9.96,2,kuramoto,5.306846,2.3,0
9.97,2,kuramoto,5.429801,2.3,0
9.98,2,kuramoto,5.552757,2.3,0
9.99,2,kuramoto,5.675713,2.3,0
10.0,2,kuramoto,5.798668,2.3,0
